pair_index,is_correct,stage_name,stage_present,n_segments,features_mentioned,n_features,text_excerpt
0,True,feature_reading,False,0,,0,
0,True,pairwise_comparison,False,0,,0,
0,True,weighing_aggregation,True,1,"bathrooms,bedrooms,lot",3,"REASON: Property 2 has more bedrooms (+2) and bathrooms (+1) compared to Property 1, which is a significant advantage. Although Property 1 has a larger lot size, the extra bedrooms and bathrooms in Pr"
0,True,final_decision,True,1,,0,CHOICE: 2
1,True,feature_reading,False,0,,0,
1,True,pairwise_comparison,False,0,,0,
1,True,weighing_aggregation,True,1,"bathrooms,bedrooms,cooling,lot",4,"REASON: Property 1 has more bedrooms (+2) and a larger lot size (+750 sqft) compared to Property 2. Although both properties have the same number of bathrooms and similar cooling systems, the size and"
1,True,final_decision,True,1,,0,CHOICE: 1
2,False,feature_reading,True,2,type,1,Let's analyze the two properties step by step: | - Type: Both Single Family
2,False,pairwise_comparison,True,6,"bathrooms,bedrooms,cooling,lot,parkingType,yearBuilt",6,- Beds: Property 2 has 3 vs 3 (+0 for tie) | - Baths: Property 2 has 2 vs 1 (+1 for P2) | - Lot: Property 2 has 5200 sqft vs 7501 sqft (+2300 for P1) | - Age: Property 1 is 35 years newer | - Cooling: Property 1 has Central Air vs Electric | - Parking: Property 1 has unknown vs unknown
2,False,weighing_aggregation,True,1,"bathrooms,lot,yearBuilt",3,"REASON: The structural advantages favor Property 1 due to its newer age and larger lot size. Although Property 2 has more bathrooms, the difference in lot size and age outweigh this advantage."
2,False,final_decision,True,1,,0,CHOICE: 1
3,True,feature_reading,False,0,,0,
3,True,pairwise_comparison,False,0,,0,
3,True,weighing_aggregation,True,1,"bathrooms,bedrooms,cooling,type",4,"REASON: Property 1 has more bedrooms and bathrooms, which are significant advantages in a residential property. Although both properties have the same type, size, and cooling systems, the extra bedroo"
3,True,final_decision,True,1,,0,CHOICE: 1
4,True,feature_reading,False,0,,0,
4,True,pairwise_comparison,False,0,,0,
4,True,weighing_aggregation,True,1,"bathrooms,bedrooms,lot,yearBuilt",4,"REASON: Property 1 has more bedrooms and bathrooms, which are significant advantages in a single-family home. Although both properties have similar lot sizes and are newer, the extra bedrooms and bath"
4,True,final_decision,True,1,,0,CHOICE: 1
5,True,feature_reading,True,2,type,1,Let's analyze the two properties step by step: | - Type: Both Single Family
5,True,pairwise_comparison,True,7,"bathrooms,bedrooms,cooling,heating,lot,parkingType,yearBuilt",7,- Beds: Property 2 has 4 vs 3 (-1 for P1) | - Baths: Property 2 has 4 vs 2 (+2 for P2) | - Lot: Property 2 has 0.43 Acres vs 0.33 Acres (+0.1 Acres for P2) | - Age: Property 2 is 23 years newer | - Cooling: Property 2 has Central Air vs Central Air (Tie) | - Heating: Property 2 has Hot Water vs Forced Air | - Parking: Property 2 has unknown vs unknown (Tie)
5,True,weighing_aggregation,True,1,"bathrooms,bedrooms,lot",3,"REASON: Property 2 has significant advantages in bedrooms and bathrooms, which are key features for a larger family or a more spacious living arrangement. Although Property 1 has a slightly larger lot"
5,True,final_decision,True,1,,0,CHOICE: 2
6,False,feature_reading,True,3,"parkingType,type",2,"Let's analyze the two properties step by step: | - Type: Both Single Family | - Parking: ParkingType is unknown for both, so we can't compare"
6,False,pairwise_comparison,True,6,"bathrooms,bedrooms,cooling,heating,lot,yearBuilt",6,- Beds: Property 2 has 3 vs 5 (+2 for P1) | - Baths: Property 1 has 1 vs 3 (+2 for P2) | - Lot: Property 1 has 9099 sqft vs 3149 sqft (+5950 for P1) | - Age: Property 1 is 11 years newer | - Heating: Property 1 has Gas vs Other (which is less desirable) | - Cooling: Property 1 has Central vs Central (neutral)
6,False,weighing_aggregation,True,1,"bathrooms,bedrooms,heating,lot,yearBuilt",5,"REASON: Property 1 has significant advantages in bedrooms, bathrooms, and lot size, which are key factors in determining a home's value. The age and heating system also favor Property 1."
6,False,final_decision,True,1,,0,CHOICE: 1
7,True,feature_reading,False,0,,0,
7,True,pairwise_comparison,False,0,,0,
7,True,weighing_aggregation,True,1,"bathrooms,bedrooms,lot,yearBuilt",4,"REASON: Property 2 has a larger lot size (+2603 sqft) and newer construction (1925 vs 1935), but Property 1 has more bedrooms (+1) and bathrooms (+1). However, the age difference is relatively small, "
7,True,final_decision,True,1,,0,CHOICE: 2
8,True,feature_reading,False,0,,0,
8,True,pairwise_comparison,False,0,,0,
8,True,weighing_aggregation,True,1,"bathrooms,bedrooms,lot",3,"REASON: Property 1 has more bedrooms and bathrooms, which are significant advantages in a residential property. Although Property 2 has a larger lot size, the extra bedrooms and bathrooms in Property "
8,True,final_decision,True,1,,0,CHOICE: 1
9,False,feature_reading,True,4,"cooling,parkingType,type",3,Let's analyze the two properties step by step: | - Type: Both Single Family | - Cooling: Both properties have unknown | - Parking: Both properties have unknown
9,False,pairwise_comparison,True,5,"bathrooms,bedrooms,heating,lot,yearBuilt",5,- Beds: Property 1 has 3 vs 2 (+1 for P1) | - Baths: Property 1 has 2 vs 1 (+1 for P1) | - Lot: Property 2 has 3740 sqft vs 3001 sqft (+1439 for P2) | - Age: Property 2 is 7 years newer | - Heating: Property 1 has Gas vs Other
9,False,weighing_aggregation,True,1,"bathrooms,bedrooms,lot,yearBuilt",4,"REASON: The structural advantages favor Property 2, with a larger lot size and a newer age. Although Property 1 has more bedrooms and bathrooms, the size and age of the property are more significant f"
9,False,final_decision,True,1,,0,CHOICE: 2
10,True,feature_reading,False,0,,0,
10,True,pairwise_comparison,False,0,,0,
10,True,weighing_aggregation,True,2,"bedrooms,lot",2,"REASON: | Property 1 has more bedrooms (+1) and a larger lot size (+1.9 acres vs 0.615 sqft, considering the lot is in acres for P1 and sqft for P2, so we convert 0.615 sqft to 0.001615 acres, but it's negligib"
10,True,final_decision,True,1,,0,CHOICE: 1
11,True,feature_reading,True,3,"parkingType,type",2,Let's analyze the two properties step by step: | - Type: Both are Single Family Residences | - Parking: Both have unknown types
11,True,pairwise_comparison,True,6,"bathrooms,bedrooms,cooling,heating,lot,yearBuilt",6,- Beds: Property 2 has 3 vs 4 (+1 for P1) | - Baths: Property 1 has 3 vs 4 (+1 for P2) | - Lot: Property 1 has 1306 sqft vs 3001 sqft (+1995 for P2) | - Age: Property 2 is 55 years older | - Cooling: Property 1 has Central Air vs Window A/C | - Heating: Property 1 has Natural Gas vs Hot Water
11,True,weighing_aggregation,True,1,"bathrooms,bedrooms,cooling,heating,lot,yearBuilt",6,"REASON: Property 2 has significant advantages in lot size and number of bathrooms, outweighing the advantages of Property 1 in bedrooms and cooling. The age and heating systems also favor Property 2."
11,True,final_decision,True,1,,0,CHOICE: 2
12,True,feature_reading,True,21,"bathrooms,bedrooms,cooling,heating,lot,type,yearBuilt",7,"Let's analyze the two properties: | Property 1: | zpid: 11472728 | type: Single Family Residence, Residential | yearBuilt: 1940 | bathrooms: 2 | bedrooms: 3 | lot: 0.5 Acres | heating: Natural Gas | cooling: Central Air | parkingType: unknown | Property 2: | zpid: 11580863 | type: Single Family Residence, Residential | yearBuilt: 1955 | bathrooms: 2 | bedrooms: 3 | lot: 0.25 Acres | heating: Forced Air, Natural Gas | cooling: Central Air, Electric | parkingType: unknown"
12,True,pairwise_comparison,False,0,,0,
12,True,weighing_aggregation,True,1,lot,1,"REASON: Property 1 has an advantage in lot size, with 0.5 Acres compared to Property 2's 0.25 Acres, which is a significant difference that could impact resale value."
12,True,final_decision,True,1,,0,CHOICE: 1
13,True,feature_reading,True,21,"bathrooms,bedrooms,cooling,heating,lot,parkingType,type,yearBuilt",8,"Let's analyze the two properties: | Property 1: | zpid: 11515713 | type: Single Family Residence, Residential | yearBuilt: 1890 | bathrooms: 3 | bedrooms: 4 | lot: 3345.0 sqft | heating: Hot Water, Natural Gas | cooling: Central Air | parkingType: Open Parking | Property 2: | zpid: 11585668 | type: Single Family Residence, Residential | yearBuilt: 1900 | bathrooms: 2 | bedrooms: 3 | lot: 2400.0 sqft | heating: Natural Gas | cooling: Central Air | parkingType: Garage"
13,True,pairwise_comparison,False,0,,0,
13,True,weighing_aggregation,True,1,"bathrooms,bedrooms,yearBuilt",3,"REASON: Property 1 has more bedrooms and bathrooms, which are significant advantages in a residential property. Although Property 2 is newer, the age difference is not as substantial as the difference"
13,True,final_decision,True,1,,0,CHOICE: 1
14,True,feature_reading,True,21,"bathrooms,bedrooms,cooling,heating,lot,type,yearBuilt",7,"Let's analyze the two properties: | Property 1: | zpid: 11483855 | type: Single Family Residence, Residential | yearBuilt: 1930 | bathrooms: 4 | bedrooms: 4 | lot: 0.29 Acres | heating: Hot Water, Natural Gas | cooling: Central Air | parkingType: unknown | Property 2: | zpid: 92381120 | type: Single Family Residence, Residential | yearBuilt: 2009 | bathrooms: 4 | bedrooms: 4 | lot: 0.31 Acres | heating: Natural Gas | cooling: Central Air | parkingType: unknown"
14,True,pairwise_comparison,False,0,,0,
14,True,weighing_aggregation,True,1,"bathrooms,bedrooms,heating,lot,yearBuilt",5,"REASON: The newer property (Property 2) has a larger lot size (+0.02 Acres) and more modern heating system (Natural Gas vs Hot Water), which are significant advantages. Although both properties have t"
14,True,final_decision,True,1,,0,CHOICE: 2
15,True,feature_reading,False,0,,0,
15,True,pairwise_comparison,False,0,,0,
15,True,weighing_aggregation,True,1,"bathrooms,bedrooms,cooling,lot",4,"REASON: Property 2 has more bedrooms (+1) and a larger lot size (+7405 sqft vs 0.26 Acres), but Property 1 has better cooling (Central Air vs Central) and more bathrooms (+1). However, the structural "
15,True,final_decision,True,1,,0,CHOICE: 2
16,True,feature_reading,False,0,,0,
16,True,pairwise_comparison,False,0,,0,
16,True,weighing_aggregation,True,1,"bathrooms,bedrooms,cooling,heating,lot",5,"REASON: Property 2 has more bedrooms and bathrooms, but Property 1 has a larger lot size. However, Property 1 has better heating and cooling systems. Considering these factors, the structural advantag"
16,True,final_decision,True,1,,0,CHOICE: 2
17,True,feature_reading,True,5,"bathrooms,cooling,parkingType,type",4,Let's analyze the two properties step by step: | - Type: Both Single Family | - Baths: Both have 3 | - Cooling: Both have Central Air | - Parking: Both have unknown types
17,True,pairwise_comparison,True,4,"bedrooms,heating,lot,yearBuilt",4,- Beds: Property 1 has 4 vs 3 (+1 for P1) | - Lot: Property 2 has 8109 sqft vs 7800 sqft (+309 sqft for P2) | - Age: Property 2 is 56 years newer | - Heating: Property 1 has Natural Gas vs Other
17,True,weighing_aggregation,True,1,"bedrooms,lot,yearBuilt",3,"REASON: The structural advantages favor Property 2, with a larger lot size and a more modern age. Although Property 1 has an advantage in bedrooms, the difference in lot size and age outweigh this adv"
17,True,final_decision,True,1,,0,CHOICE: 2
18,True,feature_reading,True,21,"bathrooms,bedrooms,cooling,heating,lot,type,yearBuilt",7,"Let's analyze the two properties: | Property 1: | zpid: 11405796 | type: Single Family Residence, Residential | yearBuilt: 1940 | bathrooms: 1 | bedrooms: 3 | lot: 3300.0 sqft | heating: Natural Gas | cooling: Central Air | parkingType: unknown | Property 2: | zpid: 11409041 | type: Single Family Residence, Residential | yearBuilt: 1922 | bathrooms: 2 | bedrooms: 4 | lot: 3301.0 sqft | heating: Natural Gas | cooling: Central Air | parkingType: unknown"
18,True,pairwise_comparison,False,0,,0,
18,True,weighing_aggregation,True,1,"bedrooms,cooling,heating,lot,yearBuilt",5,"REASON: Property 2 has more bedrooms and a slightly larger lot, but Property 1 has more modern heating and better cooling. However, the age of Property 1 is 18 years older, which could be a significan"
18,True,final_decision,True,1,,0,CHOICE: 2
19,True,feature_reading,False,0,,0,
19,True,pairwise_comparison,False,0,,0,
19,True,weighing_aggregation,True,1,"bathrooms,bedrooms,heating,lot",4,"REASON: Property 2 has a more modern heating system (Forced Air, Natural Gas) and a larger lot size (2178 sqft vs 3484 sqft), but Property 1 has more bedrooms (3 vs 3) and bathrooms (1 vs 2). However,"
19,True,final_decision,True,1,,0,CHOICE: 2
20,False,feature_reading,True,2,type,1,Let's analyze the two properties step by step: | - Type: Both Single Family
20,False,pairwise_comparison,True,7,"bathrooms,bedrooms,cooling,heating,lot,parkingType,yearBuilt",7,- Beds: Property 2 has 3 vs 3 (+0 for tie) | - Baths: Property 2 has 2 vs 1 (+1 for P2) | - Lot: Property 1 has 7501 sqft vs 5501 sqft (+2000 for P1) | - Age: Property 1 is 26 years newer | - Cooling: Property 1 has Central Air vs Central Air (tie) | - Heating: Property 1 has Natural Gas vs Natural Gas (tie) | - Parking: Property 1 has unknown vs unknown (tie)
20,False,weighing_aggregation,True,1,"cooling,heating,lot,yearBuilt",4,"REASON: The structural advantages favor Property 1 due to its larger lot size and newer age. Although the heating and cooling systems are the same, the size and age advantages of Property 1 give it a "
20,False,final_decision,True,1,,0,CHOICE: 1
21,True,feature_reading,True,5,"bathrooms,cooling,heating,type",4,"Let's analyze the two properties step by step: | - Type: Both are Residential, but Property 2 is Single Family, which is a structural advantage for Property 2. | - Baths: Both have 2, so no advantage for either. | - Heating: Both have Forced Air, so no advantage for either. | - Cooling: Both have Central Air, so no advantage for either."
21,True,pairwise_comparison,True,4,"bedrooms,cooling,lot,parkingType,yearBuilt",5,"- Beds: Property 2 has 4 vs 2 (+2 for P2) | - Lot: Property 2 has 6642 sqft vs 2224 sqft (+4420 for P2) | - Age: Property 2 is 26 years older | - Parking: Property 2 has unknown, but Property 1 has Central Air and Garage, which is a structural advantage for Property 1."
21,True,weighing_aggregation,True,1,"bedrooms,cooling,parkingType,type",4,"REASON: Property 2 has significant advantages in square footage and bedrooms, but Property 1 has structural advantages in type, cooling, and parking. However, the size advantage of Property 2 tips the"
21,True,final_decision,True,1,,0,CHOICE: 2
22,True,feature_reading,True,3,"parkingType,type",2,Let's analyze the two properties step by step: | - Type: Both Single Family | - Parking: Both properties have unknown parking types
22,True,pairwise_comparison,True,5,"bathrooms,bedrooms,cooling,lot,yearBuilt",5,"- Beds: Property 2 has 3 vs 3 (+0 for tie) | - Baths: Property 2 has 3 vs 2 (+1 for P2) | - Lot: Property 2 has 7871 vs 6500 sqft (+1371 for P2) | - Age: Property 2 is 83 years newer | - Cooling: Property 2 has Central Air, Electric vs Central Air"
22,True,weighing_aggregation,True,1,"bedrooms,cooling,lot,type,yearBuilt",5,"REASON: Property 2 has significant advantages in lot size and age, which are crucial factors in determining a property's value. Although both properties have the same type, cooling systems, and number"
22,True,final_decision,True,1,,0,CHOICE: 2
23,True,feature_reading,False,0,,0,
23,True,pairwise_comparison,False,0,,0,
23,True,weighing_aggregation,True,1,"bathrooms,bedrooms,lot,yearBuilt",4,"REASON: Property 1 has more bedrooms and bathrooms, which are significant advantages in a residential property. Although both properties have the same lot size and are newer, the extra bedrooms and ba"
23,True,final_decision,True,1,,0,CHOICE: 1
24,True,feature_reading,True,21,"bathrooms,bedrooms,cooling,heating,lot,type,yearBuilt",7,"Let's analyze the two properties: | Property 1: | zpid: 11442092 | type: Single Family Residence, Residential | yearBuilt: 1973 | bathrooms: 3 | bedrooms: 3 | lot: 0.59 Acres | heating: Forced Air, Natural Gas | cooling: Central Air | parkingType: unknown | Property 2: | zpid: 121887344 | type: Single Family Residence, Residential | yearBuilt: 2013 | bathrooms: 4 | bedrooms: 4 | lot: 10084.0 sqft | heating: Forced Air, Natural Gas | cooling: Central Air | parkingType: unknown"
24,True,pairwise_comparison,False,0,,0,
24,True,weighing_aggregation,True,1,"bathrooms,bedrooms,lot",3,"REASON: Property 2 has more bathrooms and bedrooms, which are significant advantages in a residential property. Although Property 1 has a larger lot, the additional bedrooms and bathrooms in Property "
24,True,final_decision,True,1,,0,CHOICE: 2
25,True,feature_reading,True,2,type,1,Let's analyze the two properties step by step: | - Type: Both Single Family
25,True,pairwise_comparison,True,6,"bathrooms,bedrooms,cooling,lot,parkingType,yearBuilt",6,- Beds: Property 2 has 3 vs 4 (+1 for P1) | - Baths: Property 1 has 2 vs 1 (+1 for P1) | - Lot: Property 1 has 2500 sqft vs 2252 sqft (+248 for P1) | - Age: Property 1 is 13 years newer | - Cooling: Property 1 has Central Air vs Window A/C | - Parking: Property 1 has Open Parking vs Open Parking
25,True,weighing_aggregation,True,1,"bathrooms,bedrooms,lot,parkingType,type",5,"REASON: Property 1 has advantages in bedrooms, bathrooms, and lot size, which are significant factors in determining a home's value. Although both properties have the same parking type, the structural"
25,True,final_decision,True,1,,0,CHOICE: 1
26,True,feature_reading,True,3,"parkingType,type",2,Let's analyze the two properties step by step: | - Type: Both Single Family | - Parking: Both properties have unknown parking types
26,True,pairwise_comparison,True,6,"bathrooms,bedrooms,cooling,heating,lot,yearBuilt",6,- Beds: Property 2 has 4 vs 3 (+1 for P2) | - Baths: Property 1 has 3 vs 3 (equal) | - Lot: Property 2 has 1306 sqft vs 9840 sqft (-9500 for P1) | - Age: Property 1 is 36 years older | - Cooling: Property 1 has Central Air vs Central | - Heating: Property 1 has Natural Gas vs Gas
26,True,weighing_aggregation,True,1,"bedrooms,heating,lot,yearBuilt",4,"REASON: Property 2 has more bedrooms and a significantly smaller lot size, which are substantial advantages. Although Property 1 is older, its lot size and the fact that it has Natural Gas heating are"
26,True,final_decision,True,1,,0,CHOICE: 2
27,True,feature_reading,True,4,"cooling,parkingType,type",3,Let's analyze the two properties step by step: | - Type: Both Single Family | - Cooling: Both have Central Air | - Parking: Both have unknown types
27,True,pairwise_comparison,True,5,"bathrooms,bedrooms,heating,lot,yearBuilt",5,- Beds: Property 2 has 4 vs 4 (+0 for tie) | - Baths: Property 2 has 4 vs 3 (+1 for P2) | - Lot: Property 2 has 4356 vs 2400 sqft (+1956 for P2) | - Age: Property 2 is 8 years newer | - Heating: Property 1 has Natural Gas vs Hot Water
27,True,weighing_aggregation,True,1,"bathrooms,lot,yearBuilt",3,"REASON: Property 2 has significant advantages in lot size and bathrooms, which are key factors in determining a property's value. Although both properties are newer, the size difference in the lot siz"
27,True,final_decision,True,1,,0,CHOICE: 2
28,True,feature_reading,True,21,"bathrooms,bedrooms,cooling,heating,lot,type,yearBuilt",7,"Let's analyze the two properties: | Property 1: | zpid: 59125951 | type: Single Family Residence | yearBuilt: 1900 | bathrooms: 2 | bedrooms: 3 | lot: 7840.0 sqft | heating: Forced Air, Central | cooling: Central Air | parkingType: unknown | Property 2: | zpid: 59128372 | type: Single Family Residence | yearBuilt: 1950 | bathrooms: 3 | bedrooms: 4 | lot: 4791.0 sqft | heating: Natural Gas | cooling: Window Unit(s) | parkingType: unknown"
28,True,pairwise_comparison,False,0,,0,
28,True,weighing_aggregation,True,1,"bedrooms,lot,yearBuilt",3,"REASON: Property 2 has more bedrooms and a newer year built, which are significant advantages. Although Property 1 has more lot space, the age and bedroom count of Property 2 give it an edge."
28,True,final_decision,True,1,,0,CHOICE: 2
29,True,feature_reading,False,0,,0,
29,True,pairwise_comparison,False,0,,0,
29,True,weighing_aggregation,True,2,"bathrooms,bedrooms,lot",3,"REASON: | Property 2 has more bedrooms (+1) and bathrooms (+1), which are significant advantages in a residential property. Although Property 1 has a larger lot size, the extra bedrooms and bathrooms in Propert"
29,True,final_decision,True,1,,0,CHOICE: 2
30,False,feature_reading,True,3,"parkingType,type",2,Let's analyze the two properties step by step: | - Type: Both Single Family | - Parking: Both properties have unknown parking types
30,False,pairwise_comparison,True,6,"bathrooms,bedrooms,cooling,heating,lot,yearBuilt",6,"- Beds: Property 1 has 3 vs 3 (+0 for tie) | - Baths: Property 1 has 3 vs 2 (+1 for P1) | - Lot: Property 2 has 0.37 Acres vs 7248.0 sqft (+0.37 Acres for P2) | - Age: Property 2 is 19 years older | - Heating: Property 1 has Natural Gas vs Forced Air | - Cooling: Property 1 has Central Air vs Central Air, Electric"
30,False,weighing_aggregation,True,1,"bathrooms,cooling,heating,lot,yearBuilt",5,"REASON: Property 1 has an advantage in bathrooms, but Property 2 has a significant advantage in lot size. However, the age and heating systems are neutral. The cooling systems are also neutral. Since "
30,False,final_decision,True,1,,0,CHOICE: 2
31,True,feature_reading,True,21,"bathrooms,bedrooms,cooling,heating,lot,type,yearBuilt",7,"Let's analyze the two properties: | Property 1: | zpid: 11508783 | type: Single Family Residence, Residential | yearBuilt: 1979 | bathrooms: 3 | bedrooms: 4 | lot: 0.01 Acres | heating: Forced Air, Electric | cooling: Central Air, Electric | parkingType: unknown | Property 2: | zpid: 11581586 | type: Single Family Residence, Residential | yearBuilt: 1967 | bathrooms: 4 | bedrooms: 4 | lot: 0.52 Acres | heating: Forced Air, Natural Gas | cooling: Central Air | parkingType: unknown"
31,True,pairwise_comparison,False,0,,0,
31,True,weighing_aggregation,True,1,"bathrooms,lot",2,"REASON: Property 2 has a larger lot size (+0.51 acres) and more bathrooms (+1), which are significant advantages in a residential property."
31,True,final_decision,True,1,,0,CHOICE: 2
32,True,feature_reading,True,2,type,1,Let's analyze the two properties step by step: | - Type: Both Single Family
32,True,pairwise_comparison,True,7,"bathrooms,bedrooms,cooling,heating,lot,parkingType,yearBuilt",7,- Beds: Property 1 has 3 vs 3 (+0 for tie) | - Baths: Property 2 has 3 vs 2 (+1 for P2) | - Lot: Property 2 has 3977 sqft vs 4200 sqft (-223 for P1) | - Age: Property 2 is 4 years newer | - Cooling: Property 1 has Central Air vs Central Air (tie) | - Heating: Property 1 has Natural Gas vs Hot Water (Natural Gas is generally more desirable) | - Parking: Property 1 has unknown vs unknown (tie)
32,True,weighing_aggregation,True,1,"bathrooms,lot",2,REASON: The extra bathroom in Property 2 and the slightly smaller lot in Property 1 are the deciding factors. Property 2 has a slight edge due to its additional bathroom.
32,True,final_decision,True,1,,0,CHOICE: 2
33,True,feature_reading,True,3,"parkingType,type",2,"Let's analyze the two properties step by step: | - Type: Both Single Family | - Parking: Both properties have unknown parking types, so neutral"
33,True,pairwise_comparison,True,6,"bathrooms,bedrooms,cooling,heating,lot,yearBuilt",6,"- Beds: Property 2 has 4 vs 2 (+2 for P2) | - Baths: Property 2 has 3 vs 2 (+1 for P2) | - Lot: Property 2 has 3463.0 sqft vs 0.65 Acres (+3463 for P2) | - Age: Property 2 is 70 years newer | - Cooling: Property 2 has Central Air vs Window A/C | - Heating: Property 2 has Natural Gas vs Radiant, Natural Gas (same, so neutral)"
33,True,weighing_aggregation,True,1,"bathrooms,bedrooms,lot,yearBuilt",4,"REASON: Property 2 has significant advantages in bedrooms, bathrooms, and lot size, which are key factors in determining a home's value. The age difference also favors Property 2."
33,True,final_decision,True,1,,0,CHOICE: 2
34,True,feature_reading,False,0,,0,
34,True,pairwise_comparison,False,0,,0,
34,True,weighing_aggregation,True,1,"bedrooms,cooling,heating,lot,parkingType",5,"REASON: Property 2 has more bedrooms (+2) and a larger lot size (+7500 sqft vs 1.64 Acres), but Property 1 has better cooling (Central vs Forced air, Gas) and potentially more desirable parking (thoug"
34,True,final_decision,True,1,,0,CHOICE: 2
35,True,feature_reading,False,0,,0,
35,True,pairwise_comparison,False,0,,0,
35,True,weighing_aggregation,True,1,"bedrooms,heating,lot,yearBuilt",4,"REASON: Property 1 has more bedrooms (+1) and a larger lot size (+3200 sqft), which are significant advantages in a single-family home. Although Property 2 has a newer heating system, the size and num"
35,True,final_decision,True,1,,0,CHOICE: 1
36,True,feature_reading,False,0,,0,
36,True,pairwise_comparison,False,0,,0,
36,True,weighing_aggregation,True,1,"bathrooms,bedrooms,lot",3,"REASON: Property 2 has more bedrooms (+1) and a larger lot size (+1345 sqft) compared to Property 1. Although Property 1 has more bathrooms, the additional bedrooms and larger lot size give it a sligh"
36,True,final_decision,True,1,,0,CHOICE: 2
37,True,feature_reading,True,4,"lot,parkingType,type",3,Let's analyze the two properties step by step: | - Type: Both Single Family | - Lot: Both properties have the same lot size (9147 sqft) | - Parking: Both properties have unknown parking types
37,True,pairwise_comparison,True,4,"bathrooms,bedrooms,cooling,heating,yearBuilt",5,- Beds: Property 2 has 6 vs 3 (-3 for P1) | - Baths: Property 2 has 3 vs 2 (+1 for P2) | - Age: Property 2 is 49 years newer | - Cooling: Property 2 has Central Air vs Heat Pump
37,True,weighing_aggregation,True,1,"bathrooms,bedrooms,yearBuilt",3,"REASON: Property 2 has significant advantages in bedrooms and bathrooms, which are key factors in determining a home's value. Although Property 1 has a newer age, the difference in bedrooms and bathro"
37,True,final_decision,True,1,,0,CHOICE: 2
38,True,feature_reading,True,4,"bathrooms,parkingType,type",3,Let's analyze the two properties step by step: | - Type: Both Single Family | - Baths: Both have 2 | - Parking: Both are unknown
38,True,pairwise_comparison,True,5,"bedrooms,cooling,heating,lot,yearBuilt",5,"- Beds: Property 2 has 3 vs 4 (+1 for P1) | - Lot: Property 2 has 3994 sqft vs 2561 sqft (+1433 for P2) | - Age: Property 2 is 26 years newer | - Cooling: Property 2 has Central Air vs Window AC | - Heating: Property 1 has Radiant, Other vs Forced Air, Natural Gas"
38,True,weighing_aggregation,True,1,"bedrooms,cooling,lot,type",4,"REASON: Property 2 has significant advantages in bedrooms, lot size, and cooling. Although Property 1 has more recent construction, the type and size advantages favor Property 2."
38,True,final_decision,True,1,,0,CHOICE: 2
39,True,feature_reading,True,5,"cooling,heating,parkingType,type",4,Let's analyze the two properties step by step: | - Type: Both Single Family | - Heating: Both have Natural Gas | - Cooling: Both have Central Air | - Parking: Both have unknown
39,True,pairwise_comparison,True,4,"bathrooms,bedrooms,lot,yearBuilt",4,- Beds: Property 1 has 5 vs 2 (-3 for P2) | - Baths: Property 1 has 3 vs 2 (+1 for P1) | - Lot: Property 1 has 10219.0 sqft vs 7749.0 sqft (+2450 for P1) | - Age: Property 1 is 71 years newer
39,True,weighing_aggregation,True,1,"bedrooms,lot,yearBuilt",3,"REASON: Property 1 has significant advantages in bedrooms and lot size, which are crucial factors in determining the value of a residential property. The age difference also favors Property 1."
39,True,final_decision,True,1,,0,CHOICE: 1
40,True,feature_reading,True,2,type,1,"Let's analyze the two properties step by step: | - Type: Both are Single Family, so this feature is neutral."
40,True,pairwise_comparison,True,6,"bathrooms,bedrooms,cooling,heating,lot,yearBuilt",6,"- Beds: Property 1 has 3 vs 2 (+1 for P1) | - Baths: Property 1 has 3 vs 2 (+1 for P1) | - Lot: Property 1 has 3484 sqft vs 1306 sqft (+2188 for P1) | - Age: Property 1 is 75 years older | - Heating: Property 1 has Central vs Forced Air, Unit Control, Natural Gas, and Individual for Property 2 | - Cooling: Property 1 has Central Air vs Central Air, Unit Control, Individual for Property 2"
40,True,weighing_aggregation,True,1,"bathrooms,bedrooms,cooling,heating,lot",5,"REASON: Property 1 has significant advantages in bedrooms, bathrooms, and lot size, which are key factors in determining a home's value. Although Property 2 has more advanced heating and cooling syste"
40,True,final_decision,True,1,,0,CHOICE: 1
41,False,feature_reading,True,2,type,1,"Let's analyze the two properties step by step: | - Type: Both are Single Family, so this feature is neutral."
41,False,pairwise_comparison,True,7,"bathrooms,bedrooms,cooling,heating,lot,parkingType,yearBuilt",7,"- Beds: Property 1 has 3 vs 3 (+0 for tie) | - Baths: Property 1 has 2 vs 2 (+0 for tie) | - Lot: Property 2 has 7884 sqft vs 0.36 Acres (+7788 for P2) | - Age: Property 2 is 47 years newer | - Heating: Property 1 has Natural Gas vs Forced Air | - Cooling: Property 1 has Central Air vs Central Air, Electric (Property 2 has an additional cooling option) | - Parking: Property 1 has unknown vs unknown"
41,False,weighing_aggregation,True,1,"cooling,heating,lot,yearBuilt",4,"REASON: The significant advantages favor Property 2, mainly due to its larger lot size and newer age. Although Property 1 has a more modern heating system, the additional cooling option in Property 2 "
41,False,final_decision,True,1,,0,CHOICE: 2
42,True,feature_reading,True,3,"parkingType,type",2,Let's analyze the two properties step by step: | - Type: Both Single Family | - Parking: Both properties have unknown parking types
42,True,pairwise_comparison,True,6,"bathrooms,bedrooms,cooling,heating,lot,yearBuilt",6,- Beds: Property 1 has 3 vs 3 (+0 for tie) | - Baths: Property 1 has 2 vs 2 (+0 for tie) | - Lot: Property 2 has 7152 sqft vs 4356 sqft (+2800 for P2) | - Age: Property 2 is 11 years newer | - Heating: Property 1 has Natural Gas vs Gas (no clear advantage) | - Cooling: Property 1 has Central Air vs Central (no clear advantage)
42,True,weighing_aggregation,True,1,lot,1,"REASON: The significant difference in lot size favors Property 2, with a larger lot size providing more space and potentially more value."
42,True,final_decision,True,1,,0,CHOICE: 2
43,True,feature_reading,False,0,,0,
43,True,pairwise_comparison,False,0,,0,
43,True,weighing_aggregation,True,1,"bedrooms,lot,yearBuilt",3,"REASON: Property 2 has more bedrooms (+1) and a larger lot size (+1245 sqft) compared to Property 1. Although Property 1 has a newer construction year, the size and number of bedrooms are more signifi"
43,True,final_decision,True,1,,0,CHOICE: 2
44,True,feature_reading,True,5,"bathrooms,cooling,parkingType,type",4,Let's analyze the two properties step by step: | - Type: Both Single Family | - Baths: Both properties have 2 | - Cooling: Both properties have Central Air | - Parking: Both properties have unknown parking types
44,True,pairwise_comparison,True,3,"bedrooms,lot,yearBuilt",3,- Beds: Property 1 has 3 vs 2 (+1 for P1) | - Lot: Property 2 has 6050 sqft vs 8698 sqft (+1760 for P2) | - Age: Property 1 is 27 years older
44,True,weighing_aggregation,True,1,"bedrooms,lot,yearBuilt",3,"REASON: The structural advantages favor Property 2, with a larger lot size and being 27 years newer. However, Property 1 has an advantage in bedrooms."
44,True,final_decision,True,1,,0,CHOICE: 2
45,True,feature_reading,True,2,type,1,Let's analyze the two properties step by step: | - Type: Both Single Family
45,True,pairwise_comparison,True,6,"bathrooms,bedrooms,cooling,lot,parkingType,yearBuilt",6,- Beds: Property 1 has 3 vs 3 (+0 for tie) | - Baths: Property 1 has 2 vs 2 (+0 for tie) | - Lot: Property 2 has 7150 vs 7700 sqft (-550 for P2) | - Age: Property 1 is 1 year newer | - Cooling: Property 1 has Central Air vs Central Air (+0 for tie) | - Parking: Property 1 has unknown vs unknown (cannot compare)
45,True,weighing_aggregation,True,1,"lot,parkingType,type,yearBuilt",4,"REASON: The lot size advantage favors Property 1, but the unknown parking type makes it difficult to compare. However, since Property 1 is only 1 year newer, the age advantage is minimal. Therefore, t"
45,True,final_decision,True,1,,0,CHOICE: 1
46,True,feature_reading,True,4,"bathrooms,parkingType,type",3,"Let's analyze the two properties step by step: | - Type: Both Single Family | - Baths: Both properties have 2 bathrooms, so no advantage for either. | - Parking: Both properties have unknown parking types, so no advantage for either."
46,True,pairwise_comparison,True,5,"bedrooms,cooling,heating,lot,yearBuilt",5,- Beds: Property 2 has 3 vs 2 (+1 for P2) | - Lot: Property 2 has 7906 sqft vs 2835 sqft (+5071 for P2) | - Age: Property 2 is 22 years newer | - Cooling: Property 2 has Central vs Other (no clear advantage for P1) | - Heating: Property 2 has Gas vs Other (no clear advantage for P1)
46,True,weighing_aggregation,True,1,"lot,yearBuilt",2,"REASON: Property 2 has significant advantages in lot size and age, which are likely to impact resale value."
46,True,final_decision,True,1,,0,CHOICE: 2
47,True,feature_reading,True,2,type,1,Let's analyze the two properties step by step: | - Type: Both Single Family
47,True,pairwise_comparison,True,6,"bathrooms,bedrooms,cooling,lot,parkingType,yearBuilt",6,- Beds: Property 2 has 3 vs 2 (+1 for P2) | - Baths: Property 2 has 3 vs 1 (+2 for P2) | - Lot: Property 1 has 901.69 sqft vs 1440.0 sqft (+538.31 for P2) | - Age: Property 2 is 10 years newer | - Cooling: Property 2 has Central Air vs Window AC | - Parking: Property 1 has Open Parking vs Open Parking
47,True,weighing_aggregation,True,1,"bathrooms,bedrooms,lot,parkingType,type",5,"REASON: Property 2 has significant advantages in bedrooms, bathrooms, and lot size, which are key factors in determining a home's value. Although both properties have the same parking type, the struct"
47,True,final_decision,True,1,,0,CHOICE: 2
48,False,feature_reading,True,2,type,1,Let's analyze the two properties step by step: | - Type: Both Single Family
48,False,pairwise_comparison,True,7,"bathrooms,bedrooms,cooling,heating,lot,parkingType,yearBuilt",7,- Beds: Property 2 has 3 vs 3 (+0 for tie) | - Baths: Property 2 has 3 vs 2 (+1 for P2) | - Lot: Property 1 has 3519 vs 3301 sqft (+218 for P1) | - Age: Property 1 is 69 years newer | - Heating: Property 1 has Natural Gas vs Natural Gas (tie) | - Cooling: Property 1 has Central Air vs Central Air (tie) | - Parking: Property 1 has unknown vs unknown (tie)
48,False,weighing_aggregation,True,1,"lot,yearBuilt",2,"REASON: The structural advantages favor Property 1 due to its larger lot size and greater age, which can contribute to a higher market value."
48,False,final_decision,True,1,,0,CHOICE: 1
49,False,feature_reading,True,5,"bathrooms,cooling,parkingType,type",4,Let's analyze the two properties step by step: | - Type: Both Single Family | - Baths: Both properties have 2 | - Cooling: Both properties have Central Air | - Parking: Both properties have unknown parking types
49,False,pairwise_comparison,True,3,"bedrooms,lot,yearBuilt",3,- Beds: Property 2 has 3 vs 2 (+1 for P2) | - Lot: Property 2 has 1167 sqft vs 8498 sqft (+6733 for P1) | - Age: Property 1 is 32 years newer
49,False,weighing_aggregation,True,1,"lot,yearBuilt",2,"REASON: The significant advantages favor Property 1 due to its larger lot size and greater age, which can contribute to a higher market value."
49,False,final_decision,True,1,,0,CHOICE: 1
50,True,feature_reading,False,0,,0,
50,True,pairwise_comparison,False,0,,0,
50,True,weighing_aggregation,True,1,"bathrooms,bedrooms,heating,yearBuilt",4,"REASON: Property 1 has more bedrooms and bathrooms, which are significant advantages in a residential property. Although Property 2 has a newer heating system, the extra bedrooms and bathrooms in Prop"
50,True,final_decision,True,1,,0,CHOICE: 1
51,True,feature_reading,False,0,,0,
51,True,pairwise_comparison,False,0,,0,
51,True,weighing_aggregation,True,1,"bathrooms,bedrooms,lot,yearBuilt",4,"REASON: Property 2 has a larger lot size (+1227 sqft) and is 3 years newer than Property 1. Although Property 1 has more bedrooms and bathrooms, the size advantage of Property 2 tips the scale."
51,True,final_decision,True,1,,0,CHOICE: 2
52,True,feature_reading,True,4,"cooling,parkingType,type",3,Let's analyze the two properties step by step: | - Type: Both Single Family | - Cooling: Both have Central Air | - Parking: Both have Open Parking
52,True,pairwise_comparison,True,4,"bathrooms,bedrooms,lot,yearBuilt",4,- Beds: Property 2 has 3 vs 1 (+2 for P2) | - Baths: Property 2 has 3 vs 1 (+2 for P2) | - Lot: Property 2 has 1440 sqft vs 1280 sqft (-220 for P1) | - Age: Property 2 is 91 years newer
52,True,weighing_aggregation,True,1,"bathrooms,bedrooms,lot",3,"REASON: Property 2 has significant advantages in bedrooms and bathrooms, which are key features for living space and comfort. Although Property 1 has a slightly larger lot, the difference is not subst"
52,True,final_decision,True,1,,0,CHOICE: 2
53,True,feature_reading,True,3,"parkingType,type",2,"Let's analyze the two properties step by step: | - Type: Both are Single Family, so this feature is neutral. | - Parking: Both properties have unknown parking types"
53,True,pairwise_comparison,True,6,"bathrooms,bedrooms,cooling,heating,lot,yearBuilt",6,"- Beds: Property 1 has 3 vs 3 (+0 for tie) | - Baths: Property 1 has 4 vs 3 (+1 for P1) | - Lot: Property 1 has 2199 sqft vs 1881 sqft (+318 for P1) | - Age: Property 1 is 130 years older | - Heating: Property 1 has Other vs Forced air, Gas | - Cooling: Property 1 has Central vs Central"
53,True,weighing_aggregation,True,1,"bathrooms,cooling,heating,lot",4,"REASON: Property 1 has advantages in bathrooms and lot size, but Property 2 has advantages in heating and cooling systems. However, the structural advantages favor Property 1 due to its larger lot siz"
53,True,final_decision,True,1,,0,CHOICE: 1
54,True,feature_reading,True,2,type,1,Let's analyze the two properties step by step: | - Type: Both Single Family
54,True,pairwise_comparison,True,6,"bathrooms,bedrooms,cooling,lot,parkingType,yearBuilt",6,"- Beds: Property 1 has 3 vs 3 (+0 for tie) | - Baths: Property 1 has 2 vs 2 (+0 for tie) | - Lot: Property 2 has 5300 sqft vs 0.4 Acres (+5200 for P2) | - Age: Property 2 is 18 years newer | - Cooling: Property 2 has Central Air vs Window AC | - Parking: Property 2 has Central Air, Electric vs unknown"
54,True,weighing_aggregation,True,1,"bathrooms,bedrooms,lot,yearBuilt",4,"REASON: Property 2 has significant advantages in lot size and is newer, which likely translates to higher value. Although both properties have the same number of bedrooms and bathrooms, the size and a"
54,True,final_decision,True,1,,0,CHOICE: 2
55,True,feature_reading,True,4,"cooling,parkingType,type",3,Let's analyze the two properties step by step: | - Type: Both Single Family | - Cooling: Both have Central Air | - Parking: Both have unknown
55,True,pairwise_comparison,True,5,"bathrooms,bedrooms,heating,lot,yearBuilt",5,"- Beds: Property 1 has 3 vs 3 (+0 for tie) | - Baths: Property 1 has 3 vs 1 (+2 for P1) | - Lot: Property 1 has 7801 sqft vs 5148 sqft (+2653 for P1) | - Age: Property 1 is 17 years newer | - Heating: Property 1 has Hot Water, Natural Gas vs Forced Air"
55,True,weighing_aggregation,True,1,"bathrooms,lot,yearBuilt",3,"REASON: Property 1 has significant advantages in lot size and bathrooms, which are key factors in determining a property's value. Although both properties are newer, the size and number of bathrooms f"
55,True,final_decision,True,1,,0,CHOICE: 1
56,True,feature_reading,True,2,type,1,Let's analyze the two properties step by step: | - Type: Both Single Family
56,True,pairwise_comparison,True,6,"bathrooms,bedrooms,cooling,lot,parkingType,yearBuilt",6,- Beds: Property 2 has 4 vs 3 (-1 for P1) | - Baths: Property 1 has 1 vs 1 (equal) | - Lot: Property 2 has 8533 vs 4051 sqft (+4482 for P2) | - Age: Property 2 is 71 years older | - Cooling: Property 1 has Central Air vs Window AC | - Parking: Property 1 has unknown vs unknown
56,True,weighing_aggregation,True,1,"bedrooms,cooling,lot,type,yearBuilt",5,"REASON: Property 2 has significant advantages in lot size and number of bedrooms, outweighing the advantages of Property 1 in cooling and type (although the type is the same, the age and lot size are "
56,True,final_decision,True,1,,0,CHOICE: 2
57,True,feature_reading,True,4,"cooling,parkingType,type",3,Let's analyze the two properties step by step: | - Type: Both are Single Family | - Cooling: Both are unknown | - Parking: Both are unknown
57,True,pairwise_comparison,True,5,"bathrooms,bedrooms,heating,lot,yearBuilt",5,- Beds: Property 2 has 4 vs 2 (+2 for P2) | - Baths: Property 2 has 1 vs 1 (equal) | - Lot: Property 2 has 1102 sqft vs 781 sqft (-321 sqft for P1) | - Age: Property 2 is 100 years newer | - Heating: Property 1 has Gas vs Forced Air
57,True,weighing_aggregation,True,1,"bedrooms,heating,lot",3,"REASON: Property 2 has significant advantages in bedrooms and lot size, which are crucial factors in determining the value of a residential property. Although Property 1 has a more modern heating syst"
57,True,final_decision,True,1,,0,CHOICE: 2
58,True,feature_reading,False,0,,0,
58,True,pairwise_comparison,False,0,,0,
58,True,weighing_aggregation,True,1,"bathrooms,bedrooms,lot,yearBuilt",4,"REASON: Property 2 has more bathrooms (+1) and is newer (1910 vs 1967), but Property 1 has more bedrooms (+1) and a larger lot size (+1524 sqft). However, the age advantage of Property 2 is significan"
58,True,final_decision,True,1,,0,CHOICE: 2
59,True,feature_reading,False,0,,0,
59,True,pairwise_comparison,False,0,,0,
59,True,weighing_aggregation,True,1,"bedrooms,heating,lot,yearBuilt",4,"REASON: Property 1 has more bedrooms and a newer heating system (Natural Gas), which are significant advantages. Although Property 2 has a larger lot, the extra bedrooms and better heating system in P"
59,True,final_decision,True,1,,0,CHOICE: 1
60,False,feature_reading,True,4,"bathrooms,parkingType,type",3,Let's analyze the two properties step by step: | - Type: Both Single Family | - Baths: Both have 2 | - Parking: Both have unknown
60,False,pairwise_comparison,True,5,"bedrooms,cooling,heating,lot,yearBuilt",5,- Beds: Property 2 has 3 vs 4 (+1 for P2) | - Lot: Property 1 has 3197 sqft vs 2278 sqft (+1099 for P1) | - Age: Property 1 is 11 years newer | - Cooling: Property 2 has Central Air vs Window AC | - Heating: Property 1 has Natural Gas vs Property 2 has Natural Gas
60,False,weighing_aggregation,True,1,"bedrooms,cooling,lot,type,yearBuilt",5,"REASON: Property 1 has advantages in lot size and age, but the type and cooling systems are neutral. However, the extra bedroom in Property 2 tips the scale in favor of Property 2."
60,False,final_decision,True,1,,0,CHOICE: 2
61,False,feature_reading,False,0,,0,
61,False,pairwise_comparison,False,0,,0,
61,False,weighing_aggregation,True,1,"bathrooms,bedrooms,cooling,lot,yearBuilt",5,"REASON: Property 2 has more bedrooms and a larger lot size, but Property 1 has more bathrooms and better cooling. However, the age of Property 1 is 4 years newer than Property 2, which might be a sign"
61,False,final_decision,True,1,,0,CHOICE: 2
62,False,feature_reading,True,21,"bathrooms,bedrooms,cooling,heating,lot,type,yearBuilt",7,"Let's analyze the two properties: | Property 1: | zpid: 11359064 | type: Single Family Residence, Residential | yearBuilt: 1956 | bathrooms: 2 | bedrooms: 3 | lot: 9343.0 sqft | heating: Forced Air, Natural Gas | cooling: Central Air, Electric | parkingType: unknown | Property 2: | zpid: 11359065 | type: SingleFamily | yearBuilt: 1956 | bathrooms: 2 | bedrooms: 3 | lot: 8270.0 sqft | heating: Forced air, Gas | cooling: Central | parkingType: unknown"
62,False,pairwise_comparison,False,0,,0,
62,False,weighing_aggregation,True,1,"heating,lot,yearBuilt",3,"REASON: The structural advantages favor Property 2, as it has a larger lot size (+1947 sqft) and newer heating systems (Gas vs Natural Gas)."
62,False,final_decision,True,1,,0,CHOICE: 2
63,False,feature_reading,True,21,"bathrooms,bedrooms,cooling,heating,lot,type,yearBuilt",7,"Let's analyze the two properties: | Property 1: | zpid: 11484852 | type: Single Family Residence, Residential | yearBuilt: 1960 | bathrooms: 3 | bedrooms: 4 | lot: 0.53 Acres | heating: Forced Air, Natural Gas | cooling: Central Air | parkingType: unknown | Property 2: | zpid: 11558275 | type: Single Family Residence, Residential | yearBuilt: 1995 | bathrooms: 3 | bedrooms: 4 | lot: 5257.0 sqft | heating: Forced Air, Natural Gas | cooling: Central Air | parkingType: unknown"
63,False,pairwise_comparison,False,0,,0,
63,False,weighing_aggregation,True,1,lot,1,"REASON: Property 2 has a significantly larger lot size (+0.53 Acres vs 5257.0 sqft), which is a substantial advantage in terms of outdoor space and potentially more desirable for a single-family home."
63,False,final_decision,True,1,,0,CHOICE: 2
64,False,feature_reading,True,21,"bathrooms,bedrooms,cooling,heating,lot,type,yearBuilt",7,"Let's analyze the two properties: | Property 1: | zpid: 11484094 | type: SingleFamily | yearBuilt: 1950 | bathrooms: 3 | bedrooms: 3 | lot: 0.28 Acres | heating: Other, Forced air, Gas | cooling: Central | parkingType: unknown | Property 2: | zpid: 11484913 | type: SingleFamily | yearBuilt: 1950 | bathrooms: 3 | bedrooms: 3 | lot: 9757.0 sqft | heating: Forced air, Gas | cooling: Central | parkingType: unknown"
64,False,pairwise_comparison,False,0,,0,
64,False,weighing_aggregation,True,1,"cooling,heating,lot",3,"REASON: The larger lot size of Property 2 (9757.0 sqft) gives it a significant advantage over Property 1 (0.28 Acres), outweighing the advantages of Property 1's more modern heating system and central"
64,False,final_decision,True,1,,0,CHOICE: 2
65,False,feature_reading,True,20,"bathrooms,bedrooms,cooling,heating,lot,type,yearBuilt",7,"Property 1: | zpid: 59157878 | type: Single Family Residence | yearBuilt: 1900 | bathrooms: 2 | bedrooms: 5 | lot: 6534.0 sqft | heating: Forced Air, Natural Gas | cooling: Central Air | parkingType: unknown | Property 2: | zpid: 59158157 | type: Single Family Residence | yearBuilt: 1880 | bathrooms: 2 | bedrooms: 4 | lot: 10018.0 sqft | heating: Oil, Hot Water | cooling: Window Unit(s) | parkingType: unknown"
65,False,pairwise_comparison,False,0,,0,
65,False,weighing_aggregation,True,1,"bedrooms,cooling,heating,lot,yearBuilt",5,"REASON: Property 2 has more bedrooms, a larger lot, and newer heating systems, which are significant advantages in a residential property. Although Property 1 has a more modern cooling system, the ove"
65,False,final_decision,True,1,,0,CHOICE: 2
66,True,feature_reading,False,0,,0,
66,True,pairwise_comparison,False,0,,0,
66,True,weighing_aggregation,True,2,"bedrooms,cooling,lot,type,yearBuilt",5,"REASON: | Property 1 has more bedrooms (+1) and a larger lot size (+0.66 acres) compared to Property 2. Although both properties have the same type, age, and cooling systems, the size and number of bedrooms giv"
66,True,final_decision,True,1,,0,CHOICE: 1
67,False,feature_reading,True,21,"bathrooms,bedrooms,cooling,heating,lot,type,yearBuilt",7,"Let's analyze the two properties: | Property 1: | zpid: 11302826 | type: Single Family Residence, Residential | yearBuilt: 1941 | bathrooms: 2 | bedrooms: 3 | lot: 1.0 Acres | heating: Forced Air, Natural Gas | cooling: Central Air | parkingType: unknown | Property 2: | zpid: 11645656 | type: Single Family Residence, Residential | yearBuilt: 1954 | bathrooms: 2 | bedrooms: 3 | lot: 0.35 Acres | heating: Forced Air, Natural Gas | cooling: Central Air, Electric | parkingType: unknown"
67,False,pairwise_comparison,False,0,,0,
67,False,weighing_aggregation,True,1,"cooling,yearBuilt",2,"REASON: Property 1 has an advantage in year built, as it is 13 years older, which may indicate a more established neighborhood and potentially lower maintenance costs. Additionally, Property 1 has Cen"
67,False,final_decision,True,1,,0,CHOICE: 1
68,True,feature_reading,False,0,,0,
68,True,pairwise_comparison,False,0,,0,
68,True,weighing_aggregation,True,1,"bathrooms,bedrooms,cooling,lot,yearBuilt",5,"REASON: Property 2 has more bedrooms (+3) and is newer (1926 vs 1955), but Property 1 has more bathrooms (+2) and a larger lot size (+1367 sqft). However, the structural advantages favor Property 1 du"
68,True,final_decision,True,1,,0,CHOICE: 1
69,False,feature_reading,True,3,"parkingType,type",2,"Let's analyze the two properties step by step: | - Type: Both are Single Family, so this feature is neutral. | - Parking: Both properties have unknown parking types, so this feature is neutral."
69,False,pairwise_comparison,True,6,"bathrooms,bedrooms,cooling,heating,lot,yearBuilt",6,"- Beds: Property 1 has 4 vs 2 (-2 for P2) | - Baths: Property 1 has 6 vs 3 (+3 for P1) | - Lot: Property 1 has 1.28 Acres vs 1158 sqft (-1158 for P2) | - Age: Property 1 is 19 years older | - Heating: Property 1 has Other vs Forced Air, Natural Gas | - Cooling: Property 1 has Central vs Central Air"
69,False,weighing_aggregation,True,1,"bathrooms,bedrooms,heating,lot,yearBuilt",5,"REASON: Property 1 has significant advantages in bedrooms and bathrooms, which are key features for living space and comfort. Although Property 2 has a larger lot, the size difference is negligible, a"
69,False,final_decision,True,1,,0,CHOICE: 1
70,True,feature_reading,True,21,"bathrooms,bedrooms,cooling,heating,lot,type,yearBuilt",7,"Let's analyze the two properties: | Property 1: | zpid: 11359381 | type: Single Family Residence, Residential | yearBuilt: 1950 | bathrooms: 2 | bedrooms: 3 | lot: 9957.0 sqft | heating: Forced Air, Natural Gas | cooling: Central Air | parkingType: unknown | Property 2: | zpid: 11360401 | type: Single Family Residence, Residential | yearBuilt: 1955 | bathrooms: 3 | bedrooms: 3 | lot: 7956.0 sqft | heating: Natural Gas | cooling: Central Air | parkingType: unknown"
70,True,pairwise_comparison,False,0,,0,
70,True,weighing_aggregation,True,1,"bathrooms,bedrooms,yearBuilt",3,"REASON: Property 1 has more bedrooms and bathrooms, which are significant advantages in a residential property. Although Property 2 is newer, the additional bedrooms and bathrooms in Property 1 give i"
70,True,final_decision,True,1,,0,CHOICE: 1
71,True,feature_reading,True,3,"parkingType,type",2,Let's analyze the two properties step by step: | - Type: Both Single Family | - Parking: Both properties have unknown parking types
71,True,pairwise_comparison,True,5,"bathrooms,bedrooms,cooling,lot,yearBuilt",5,"- Beds: Property 2 has 3 vs 3 (+0 for tie) | - Baths: Property 2 has 1 vs 2 (+1 for P1) | - Lot: Property 1 has 5227 sqft vs 3358 sqft (+1870 for P1) | - Age: Property 1 is 60 years newer | - Cooling: Property 1 has Electric vs Central Air, Cooling"
71,True,weighing_aggregation,True,1,"bedrooms,lot,yearBuilt",3,"REASON: Property 1 has significant advantages in lot size and age, which are crucial factors in determining a property's value. Although both properties have the same number of bedrooms, the differenc"
71,True,final_decision,True,1,,0,CHOICE: 1
72,False,feature_reading,True,2,type,1,Let's analyze the two properties step by step: | - Type: Both Single Family
72,False,pairwise_comparison,True,7,"bathrooms,bedrooms,cooling,heating,lot,parkingType,yearBuilt",7,"- Beds: Property 1 has 5 vs 3 (-2 for P2) | - Baths: Property 1 has 3 vs 3 (equal) | - Lot: Property 1 has 6494 sqft vs 0.55 Acres (+6499 for P1) | - Age: Property 1 is 13 years newer | - Cooling: Property 1 has Central Air vs Central Air, Electric (no advantage for P1) | - Heating: Property 1 has Natural Gas vs Forced Air, Natural Gas (no advantage for P1) | - Parking: Property 1 has unknown vs unknown (no advantage for P1)"
72,False,weighing_aggregation,True,1,"bathrooms,bedrooms,lot",3,"REASON: Property 1 has a significantly larger lot size, which is a major advantage in the current market. Although both properties have the same number of bedrooms and bathrooms, the extra lot space f"
72,False,final_decision,True,1,,0,CHOICE: 1
73,False,feature_reading,True,21,"bathrooms,bedrooms,cooling,heating,lot,type,yearBuilt",7,"Let's analyze the two properties: | Property 1: | zpid: 11616673 | type: Single Family Residence, Residential | yearBuilt: 1992 | bathrooms: 4 | bedrooms: 4 | lot: 0.58 Acres | heating: Forced Air, Natural Gas | cooling: Central Air, Electric | parkingType: unknown | Property 2: | zpid: 11616693 | type: Single Family Residence, Residential | yearBuilt: 1998 | bathrooms: 3 | bedrooms: 5 | lot: 0.48 Acres | heating: Forced Air, Natural Gas | cooling: Central Air, Electric | parkingType: unknown"
73,False,pairwise_comparison,False,0,,0,
73,False,weighing_aggregation,True,1,"bathrooms,bedrooms",2,"REASON: Property 2 has more bedrooms, which is a significant advantage in a residential property. Although Property 1 has more bathrooms, the extra bedroom in Property 2 is likely to be more valuable."
73,False,final_decision,True,1,,0,CHOICE: 2
74,False,feature_reading,True,2,type,1,Let's analyze the two properties step by step: | - Type: Both Single Family
74,False,pairwise_comparison,True,6,"bathrooms,bedrooms,cooling,lot,parkingType,yearBuilt",6,- Beds: Property 1 has 3 vs 3 (+0 for tie) | - Baths: Property 1 has 2 vs 2 (+0 for tie) | - Lot: Property 2 has 6385 sqft vs 6329 sqft (+56 for P2) | - Age: Property 2 is 2 years newer | - Cooling: Property 1 has Central Air vs Central Air (+0 for tie) | - Parking: Property 1 has unknown vs unknown (cannot compare)
74,False,weighing_aggregation,True,1,"lot,parkingType,type,yearBuilt",4,"REASON: The lot size advantage favors Property 2, but since parking type is unknown, it's a tie. The age advantage favors Property 2, but it's a very small margin."
74,False,final_decision,True,1,,0,CHOICE: 2
75,False,feature_reading,True,21,"bathrooms,bedrooms,cooling,heating,lot,type,yearBuilt",7,"Let's analyze the two properties: | Property 1: | zpid: 11492392 | type: Single Family Residence, Residential | yearBuilt: 1948 | bathrooms: 2 | bedrooms: 3 | lot: 0.42 Acres | heating: Forced Air, Natural Gas | cooling: Central Air | parkingType: unknown | Property 2: | zpid: 11493435 | type: Single Family Residence, Residential | yearBuilt: 1965 | bathrooms: 2 | bedrooms: 3 | lot: 7104.0 sqft | heating: Forced Air, Natural Gas | cooling: Central Air | parkingType: unknown"
75,False,pairwise_comparison,False,0,,0,
75,False,weighing_aggregation,True,1,"bathrooms,bedrooms,lot,yearBuilt",4,"REASON: The newer property (Property 2, 1965) has a larger lot size (7104.0 sqft) compared to Property 1 (0.42 Acres), which is a significant advantage. Although both properties have the same number o"
75,False,final_decision,True,1,,0,CHOICE: 2
76,False,feature_reading,True,21,"bathrooms,bedrooms,cooling,heating,lot,type,yearBuilt",7,"Let's analyze the two properties: | Property 1: | zpid: 11453151 | type: Single Family Residence, Residential | yearBuilt: 1950 | bathrooms: 2 | bedrooms: 3 | lot: 0.46 Acres | heating: Natural Gas, Baseboard | cooling: Central Air | parkingType: unknown | Property 2: | zpid: 11460181 | type: Single Family Residence, Residential | yearBuilt: 1970 | bathrooms: 3 | bedrooms: 5 | lot: 8685.0 sqft | heating: Forced Air, Natural Gas | cooling: Central Air | parkingType: unknown"
76,False,pairwise_comparison,False,0,,0,
76,False,weighing_aggregation,True,1,"bedrooms,cooling,heating,lot,yearBuilt",5,"REASON: Property 2 has more bedrooms and a larger lot size, which are significant advantages in a residential property. Although Property 1 has newer heating and a more modern cooling system, the extr"
76,False,final_decision,True,1,,0,CHOICE: 2
77,True,feature_reading,True,4,"cooling,parkingType,type",3,Let's analyze the two properties step by step: | - Type: Both Single Family | - Cooling: Both have Central Air | - Parking: Both have unknown
77,True,pairwise_comparison,True,4,"bathrooms,bedrooms,lot,yearBuilt",4,- Beds: Property 2 has 4 vs 3 (-1 for P1) | - Baths: Property 1 has 3 vs 2 (+1 for P1) | - Lot: Property 1 has 10602 sqft vs 5222 sqft (+4950 for P1) | - Age: Property 1 is 7 years older
77,True,weighing_aggregation,True,1,"bathrooms,bedrooms,lot,yearBuilt",4,"REASON: Property 1 has significant advantages in bedrooms, bathrooms, and lot size, which are key factors in determining a home's value. Although both properties are older, the additional bedrooms and"
77,True,final_decision,True,1,,0,CHOICE: 1
78,False,feature_reading,True,2,type,1,Let's analyze the two properties step by step: | - Type: Both Single Family
78,False,pairwise_comparison,True,7,"bathrooms,bedrooms,cooling,heating,lot,parkingType,yearBuilt",7,- Beds: Property 2 has 3 vs 3 (+0 for tie) | - Baths: Property 2 has 3 vs 1 (+2 for P2) | - Lot: Property 2 has 5000 vs 4051 sqft (+949 for P2) | - Age: Property 2 is 10 years newer | - Heating: Property 1 has Natural Gas vs Baseboard (Natural Gas is generally more desirable) | - Cooling: Property 1 has Central Air vs Central Air (both are equal) | - Parking: Property 1 has unknown vs unknown (unknown is generally less desirable)
78,False,weighing_aggregation,True,1,"bathrooms,heating,lot,parkingType,type",5,"REASON: Property 2 has more bathrooms and a larger lot, but Property 1 has a more desirable heating system. However, the unknown parking type for both properties makes it difficult to make a definitiv"
78,False,final_decision,True,1,,0,CHOICE: 2
79,False,feature_reading,True,21,"bathrooms,bedrooms,cooling,heating,lot,type,yearBuilt",7,"Let's analyze the two properties: | Property 1: | zpid: 11257430 | type: Single Family Residence, Residential | yearBuilt: 1979 | bathrooms: 4 | bedrooms: 4 | lot: 0.46 Acres | heating: Forced Air, Natural Gas | cooling: Central Air | parkingType: unknown | Property 2: | zpid: 11557616 | type: Single Family Residence, Residential | yearBuilt: 1977 | bathrooms: 3 | bedrooms: 5 | lot: 0.57 Acres | heating: Forced Air, Natural Gas | cooling: Central Air, Electric | parkingType: unknown"
79,False,pairwise_comparison,False,0,,0,
79,False,weighing_aggregation,True,1,"bathrooms,bedrooms",2,"REASON: Property 2 has more bedrooms, which is a significant advantage in a single-family home. Although Property 1 has more bathrooms, the extra bedroom in Property 2 is likely to be more valuable."
79,False,final_decision,True,1,,0,CHOICE: 2
80,True,feature_reading,True,3,"parkingType,type",2,"Let's analyze the two properties step by step: | - Type: Both Single Family | - Parking: Both properties have unknown parking types, so we can't make a decision based on this feature."
80,True,pairwise_comparison,True,5,"bathrooms,bedrooms,cooling,lot,yearBuilt",5,- Beds: Property 2 has 4 vs 3 (+1 for P2) | - Baths: Property 1 has 3 vs 3 (equal) | - Lot: Property 2 has 9748 sqft vs 10484 sqft (+960 for P1) | - Age: Property 1 is 9 years newer | - Cooling: Property 1 has Central Air vs Electric
80,True,weighing_aggregation,True,1,"bedrooms,lot,yearBuilt",3,"REASON: The structural advantages favor Property 1, with more bedrooms and a larger lot size. Although Property 2 is newer, the size difference in the lot size and the extra bedroom in Property 2 are "
80,True,final_decision,True,1,,0,CHOICE: 1
81,False,feature_reading,True,2,type,1,"Let's analyze the two properties step by step: | - Type: Both are Single Family, so this feature is neutral."
81,False,pairwise_comparison,True,7,"bathrooms,bedrooms,cooling,heating,lot,parkingType,type,yearBuilt",8,"- Beds: Property 1 has 3 vs 3, so this feature is tied. | - Baths: Property 1 has 3 vs 3, so this feature is also tied. | - Lot: Property 2 has a larger lot size (2176 sqft) vs Property 1's 0.35 Acres (approximately 1400 sqft), so this feature favors Property 2. | - Age: Property 1 is 37 years older than Property 2. | - Heating: Property 1 has ""Other"" heating, while Property 2 has ""Other"" as well, so this feature is neutral. | - Cooling: Property 1 has Central Air, while Property 2 has Central A"
81,False,weighing_aggregation,True,1,"lot,parkingType",2,REASON: The larger lot size and the presence of a garage in Property 1 gave it a slight edge over Property 2.
81,False,final_decision,True,1,,0,CHOICE: 1
82,False,feature_reading,True,2,type,1,"Let's analyze the two properties step by step: | - Type: Both are Single Family, so this feature is neutral."
82,False,pairwise_comparison,True,7,"bathrooms,bedrooms,cooling,heating,lot,parkingType,yearBuilt",7,"- Beds: Property 1 has 3 vs 3 (+0 for tie) | - Baths: Property 1 has 1 vs 1 (+0 for tie) | - Lot: Property 2 has 2543 sqft vs 5654 sqft (+3111 for P1) | - Age: Property 1 is 110 years newer | - Heating: Property 1 has Hot Water, Natural Gas vs Natural Gas (neutral) | - Cooling: Property 1 has Window A/C vs Central Air (advantage for P1) | - Parking: Property 1 has unknown vs unknown (neutral)"
82,False,weighing_aggregation,True,1,"cooling,lot,yearBuilt",3,"REASON: The structural advantages favor Property 1 due to its larger lot size and newer age, outweighing the advantages of central air conditioning."
82,False,final_decision,True,1,,0,CHOICE: 1
83,False,feature_reading,True,4,"cooling,parkingType,type",3,Let's analyze the two properties step by step: | - Type: Both Single Family | - Cooling: Both have Central Air | - Parking: Both have unknown types
83,False,pairwise_comparison,True,5,"bathrooms,bedrooms,heating,lot,yearBuilt",5,- Beds: Property 1 has 4 vs 3 (+1 for P1) | - Baths: Property 1 has 2 vs 1 (+1 for P1) | - Lot: Property 1 has 7500 sqft vs 3301 sqft (+4200 for P1) | - Age: Property 1 is 20 years newer | - Heating: Property 1 has Natural Gas vs Forced Air
83,False,weighing_aggregation,True,1,"bathrooms,bedrooms,heating,lot,type,yearBuilt",6,"REASON: Property 1 has significant advantages in bedrooms, bathrooms, and lot size, which are key factors in determining a home's value. Although the age and heating type are also considered, the stru"
83,False,final_decision,True,1,,0,CHOICE: 1
84,False,feature_reading,True,4,"parkingType,type",2,Let's analyze the two properties: | Property 1: | - Type: Both Single Family | - Parking: ParkingType is unknown for both
84,False,pairwise_comparison,True,6,"bathrooms,bedrooms,cooling,heating,lot,yearBuilt",6,"- Beds: Property 1 has 3 vs 4 (-1 for P2) | - Baths: Property 1 has 3 vs 2 (+1 for P1) | - Lot: Property 2 has 8100 vs 6250 sqft (-1850 for P2) | - Age: Property 2 is 92 years older | - Cooling: Property 1 has Central Air vs Wall Unit(s) | - Heating: Property 1 has Natural Gas vs Hot Water, Natural Gas"
84,False,weighing_aggregation,True,1,"bathrooms,bedrooms,cooling,heating,lot,yearBuilt",6,"REASON: Property 2 has more bedrooms and a larger lot, but Property 1 has more bathrooms and better cooling. However, the age and heating systems are significant factors, as older homes may require mo"
84,False,final_decision,True,1,,0,CHOICE: 2
85,False,feature_reading,True,21,"bathrooms,bedrooms,cooling,heating,lot,type,yearBuilt",7,"Let's analyze the two properties: | Property 1: | zpid: 11522133 | type: Single Family Residence, Residential | yearBuilt: 1967 | bathrooms: 2 | bedrooms: 3 | lot: 0.27 Acres | heating: Natural Gas | cooling: Central Air | parkingType: unknown | Property 2: | zpid: 11590053 | type: Single Family Residence, Residential | yearBuilt: 1953 | bathrooms: 2 | bedrooms: 3 | lot: 0.01 Acres | heating: Forced Air, Natural Gas | cooling: Central Air | parkingType: unknown"
85,False,pairwise_comparison,False,0,,0,
85,False,weighing_aggregation,True,1,"heating,lot,yearBuilt",3,"REASON: Property 1 has a larger lot size (+0.26 acres) and newer heating system (Natural Gas vs Forced Air), which are significant advantages in the current market."
85,False,final_decision,True,1,,0,CHOICE: 1
86,False,feature_reading,True,2,type,1,Let's analyze the two properties step by step: | - Type: Both Single Family
86,False,pairwise_comparison,True,7,"bathrooms,bedrooms,cooling,heating,lot,parkingType,yearBuilt",7,- Beds: Property 2 has 3 vs 3 (+0 for tie) | - Baths: Property 2 has 3 vs 2 (+1 for P2) | - Lot: Property 2 has 5000 vs 1875 sqft (+3125 for P2) | - Age: Property 2 is 70 years newer | - Heating: Property 1 has Forced air vs Other (assuming this is a disadvantage) | - Cooling: Property 1 has Central vs Central (tie) | - Parking: Property 1 has unknown vs unknown (tie)
86,False,weighing_aggregation,True,1,"bathrooms,heating,lot,parkingType,type,yearBuilt",6,"REASON: Property 2 has significant advantages in lot size and number of bathrooms, outweighing the age difference and the type of heating system. The unknown parking types make it difficult to compare"
86,False,final_decision,True,1,,0,CHOICE: 2
87,True,feature_reading,True,4,"parkingType,type",2,Let's analyze the two properties: | Property 1: | - Type: Both Single Family | - Parking: ParkingType is unknown for both
87,True,pairwise_comparison,True,6,"bathrooms,bedrooms,cooling,heating,lot,yearBuilt",6,- Beds: Property 1 has 4 vs 4 (+0) | - Baths: Property 1 has 3 vs 3 (+0) | - Lot: Property 2 has 0.42 Acres vs 5257.0 sqft (+5225 for P2) | - Age: Property 2 is 18 years older | - Heating: Property 1 has Natural Gas vs Forced Air | - Cooling: Property 1 has Central Air vs Central Air
87,True,weighing_aggregation,True,1,"cooling,heating,lot,yearBuilt",4,"REASON: The significant difference in lot size favors Property 2, but the advantages in heating and cooling are neutral. However, the age difference and the larger lot size give Property 2 a slight ed"
87,True,final_decision,True,1,,0,CHOICE: 2
88,False,feature_reading,True,3,"parkingType,type",2,Let's analyze the two properties step by step: | - Type: Both Single Family | - Parking: Both properties have unknown parking types
88,False,pairwise_comparison,True,6,"bathrooms,bedrooms,cooling,heating,lot,yearBuilt",6,- Beds: Property 1 has 3 vs 3 (+0 for tie) | - Baths: Property 1 has 2 vs 2 (+0 for tie) | - Lot: Property 2 has 2877 sqft vs 7152 sqft (+4275 for P1) | - Age: Property 1 is 31 years newer | - Heating: Property 1 has Gas vs Forced Air | - Cooling: Property 1 has Central Air vs Central Air
88,False,weighing_aggregation,True,1,"cooling,heating,lot,yearBuilt",4,"REASON: The structural advantages favor Property 1 due to its significantly larger lot size and being 31 years newer. Although the heating and cooling systems are the same, the size difference in the "
88,False,final_decision,True,1,,0,CHOICE: 1
89,True,feature_reading,True,4,"parkingType,type",2,Let's analyze the two properties: | Property 1: | - Type: Both Single Family | - Parking: Both properties have unknown parking types
89,True,pairwise_comparison,True,5,"bathrooms,bedrooms,cooling,lot,yearBuilt",5,- Beds: Property 1 has 3 vs 3 (+0 for tie) | - Baths: Property 1 has 2 vs 1 (+1 for P1) | - Lot: Property 2 has 2775 vs 1001 sqft (-1774 for P2) | - Age: Property 2 is 70 years older | - Cooling: Property 1 has Central Air vs Central
89,True,weighing_aggregation,True,1,"bathrooms,cooling,lot,type,yearBuilt",5,"REASON: Property 1 has an advantage in bathrooms, but Property 2 has a significant advantage in lot size. However, since both properties have the same type, age, and cooling systems, the structural ad"
89,True,final_decision,True,1,,0,CHOICE: 1
90,False,feature_reading,True,21,"bathrooms,bedrooms,cooling,heating,lot,type,yearBuilt",7,"Let's analyze the two properties: | Property 1: | zpid: 11309717 | type: Single Family Residence, Residential | yearBuilt: 1942 | bathrooms: 2 | bedrooms: 3 | lot: 5808.0 sqft | heating: Forced Air, Natural Gas | cooling: Central Air | parkingType: unknown | Property 2: | zpid: 11431614 | type: Single Family Residence, Residential | yearBuilt: 1960 | bathrooms: 1 | bedrooms: 3 | lot: 0.33 Acres | heating: Forced Air, Natural Gas | cooling: Central Air | parkingType: unknown"
90,False,pairwise_comparison,False,0,,0,
90,False,weighing_aggregation,True,1,"bathrooms,bedrooms,cooling,lot,yearBuilt",5,"REASON: Property 1 has more bedrooms and bathrooms, which are significant advantages in a residential property. Although Property 2 has a larger lot size, the age of the property (Property 1 is 18 yea"
90,False,final_decision,True,1,,0,CHOICE: 1
91,False,feature_reading,True,20,"bathrooms,bedrooms,cooling,heating,lot,type,yearBuilt",7,"Property 1: | zpid: 11474820 | type: SingleFamily | yearBuilt: 1910 | bathrooms: 1 | bedrooms: 3 | lot: 2249.0 sqft | heating: Other, Gas | cooling: unknown | parkingType: unknown | Property 2: | zpid: 11585241 | type: SingleFamily | yearBuilt: 1910 | bathrooms: 1 | bedrooms: 3 | lot: 3049.0 sqft | heating: Other | cooling: unknown | parkingType: unknown"
91,False,pairwise_comparison,False,0,,0,
91,False,weighing_aggregation,True,1,lot,1,"REASON: Property 2 has a significantly larger lot size (+1370 sqft) compared to Property 1, which is a more substantial advantage in the current market."
91,False,final_decision,True,1,,0,CHOICE: 2
92,True,feature_reading,True,5,"cooling,heating,parkingType,type",4,Let's analyze the two properties step by step: | - Type: Both Single Family | - Cooling: Both have Central Air | - Heating: Both have Forced Air and Natural Gas | - Parking: Both have unknown types
92,True,pairwise_comparison,True,4,"bathrooms,bedrooms,lot,yearBuilt",4,- Beds: Property 2 has 4 vs 5 (+1 for P1) | - Baths: Property 2 has 4 vs 3 (+1 for P2) | - Lot: Property 1 has 0.8 Acres vs 0.41 Acres (+0.39 for P1) | - Age: Property 1 is 2 years newer
92,True,weighing_aggregation,True,1,"bedrooms,lot,yearBuilt",3,"REASON: Property 1 has more bedrooms and a larger lot, which are significant advantages in a single-family home. Although Property 2 is newer, the difference in bedrooms and lot size outweighs the age"
92,True,final_decision,True,1,,0,CHOICE: 1
93,True,feature_reading,True,3,"parkingType,type",2,Let's analyze the two properties step by step: | - Type: Both Single Family | - Parking: Both properties have unknown parking types
93,True,pairwise_comparison,True,6,"bathrooms,bedrooms,cooling,heating,lot,yearBuilt",6,"- Beds: Property 1 has 4 vs 2 (-2 for P2) | - Baths: Property 1 has 3 vs 2 (+1 for P1) | - Lot: Property 2 has 10816 vs 4791 (+10025 for P2) | - Age: Property 2 is 1 year newer | - Heating: Property 1 has Natural Gas vs Forced air, Gas | - Cooling: Property 1 has Central Air vs Central"
93,True,weighing_aggregation,True,1,"bathrooms,bedrooms,cooling,lot",4,"REASON: Property 2 has significant advantages in lot size and bedrooms. Although Property 1 has more bathrooms and better cooling, the larger lot size and extra bedroom in Property 2 give it a substan"
93,True,final_decision,True,1,,0,CHOICE: 2
94,True,feature_reading,True,21,"bathrooms,bedrooms,cooling,heating,lot,type,yearBuilt",7,"Let's analyze the two properties: | Property 1: | zpid: 11522602 | type: SingleFamily | yearBuilt: 1960 | bathrooms: 3 | bedrooms: 4 | lot: 0.26 Acres | heating: Other | cooling: Central | parkingType: unknown | Property 2: | zpid: 11617759 | type: Single Family Residence, Residential | yearBuilt: 1944 | bathrooms: 3 | bedrooms: 3 | lot: 9600.0 sqft | heating: Forced Air, Natural Gas | cooling: Central Air | parkingType: unknown"
94,True,pairwise_comparison,False,0,,0,
94,True,weighing_aggregation,True,1,"bedrooms,cooling,lot,yearBuilt",4,"REASON: The structural advantages favor Property 1, with more bedrooms and a newer cooling system. Although Property 2 has a larger lot, the advantages in bedrooms and cooling system outweigh this dif"
94,True,final_decision,True,1,,0,CHOICE: 1
95,True,feature_reading,False,0,,0,
95,True,pairwise_comparison,False,0,,0,
95,True,weighing_aggregation,True,1,"bathrooms,bedrooms,lot",3,"REASON: Property 1 has more bedrooms and bathrooms, which are significant advantages in a single-family home. Although Property 2 has a larger lot, the extra bedrooms and bathrooms in Property 1 give "
95,True,final_decision,True,1,,0,CHOICE: 1
96,False,feature_reading,True,21,"bathrooms,bedrooms,cooling,heating,lot,type,yearBuilt",7,"Let's analyze the two properties: | Property 1: | zpid: 11507979 | type: Single Family Residence, Residential | yearBuilt: 1940 | bathrooms: 3 | bedrooms: 3 | lot: 0.32 Acres | heating: Hot Water, Natural Gas | cooling: Central Air | parkingType: unknown | Property 2: | zpid: 11641582 | type: Single Family Residence, Residential | yearBuilt: 1971 | bathrooms: 3 | bedrooms: 3 | lot: 7840.0 sqft | heating: Forced Air, Natural Gas | cooling: Central Air | parkingType: unknown"
96,False,pairwise_comparison,False,0,,0,
96,False,weighing_aggregation,True,1,"bathrooms,bedrooms,lot,yearBuilt",4,"REASON: The newer property (Property 2, 1971) has a larger lot size (7840 sqft vs 0.32 Acres for P1), which is a significant advantage. Although both properties have the same number of bedrooms and ba"
96,False,final_decision,True,1,,0,CHOICE: 2
97,False,feature_reading,True,20,"bathrooms,bedrooms,cooling,heating,lot,type,yearBuilt",7,Property 1: | zpid: 11554576 | type: SingleFamily | yearBuilt: 1950 | bathrooms: 2 | bedrooms: 3 | lot: 0.28 Acres | heating: Other | cooling: Central | parkingType: unknown | Property 2: | zpid: 11646051 | type: SingleFamily | yearBuilt: 1953 | bathrooms: 2 | bedrooms: 3 | lot: 10175.0 sqft | heating: Other | cooling: Central | parkingType: unknown
97,False,pairwise_comparison,False,0,,0,
97,False,weighing_aggregation,True,1,"bathrooms,bedrooms,lot",3,"REASON: Property 2 has a significantly larger lot size, which is a substantial advantage in the current market. Although both properties have the same number of bedrooms and bathrooms, the extra space"
97,False,final_decision,True,1,,0,CHOICE: 2
98,False,feature_reading,True,21,"bathrooms,bedrooms,cooling,heating,lot,type,yearBuilt",7,"Let's analyze the two properties: | Property 1: | zpid: 11358110 | type: Single Family Residence, Residential | yearBuilt: 1950 | bathrooms: 2 | bedrooms: 3 | lot: 6000.0 sqft | heating: Forced Air, Natural Gas | cooling: Central Air | parkingType: unknown | Property 2: | zpid: 11396346 | type: Single Family Residence, Residential | yearBuilt: 1950 | bathrooms: 2 | bedrooms: 3 | lot: 6211.0 sqft | heating: Forced Air, Natural Gas | cooling: Central Air | parkingType: unknown"
98,False,pairwise_comparison,False,0,,0,
98,False,weighing_aggregation,True,1,"bathrooms,bedrooms,cooling,lot,yearBuilt",5,"REASON: The properties are identical in terms of bedrooms, bathrooms, year built, and cooling systems. However, Property 2 has a slightly larger lot size (+211 sqft) and is newer by 1 year. Since the "
98,False,final_decision,True,1,,0,CHOICE: 2
99,False,feature_reading,True,21,"bathrooms,bedrooms,cooling,heating,lot,type,yearBuilt",7,"Let's analyze the two properties: | Property 1: | zpid: 11428044 | type: SingleFamily | yearBuilt: 1966 | bathrooms: 2 | bedrooms: 2 | lot: 0.48 Acres | heating: Other | cooling: Central | parkingType: unknown | Property 2: | zpid: 11467606 | type: Single Family Residence, Residential | yearBuilt: 1953 | bathrooms: 2 | bedrooms: 3 | lot: 7287.0 sqft | heating: Forced Air, Natural Gas | cooling: Central Air, Electric | parkingType: unknown"
99,False,pairwise_comparison,False,0,,0,
99,False,weighing_aggregation,True,1,"bedrooms,lot,yearBuilt",3,"REASON: The structural advantages favor Property 2, with more bedrooms and a larger lot size. Although Property 1 has a newer year built, the extra bedroom and larger lot size of Property 2 give it a "
99,False,final_decision,True,1,,0,CHOICE: 2
