zpid_1,zpid_2,zipcode_1,year_month.y_1,zestimate_linear_1,interval_range_linear_1,type_1,yearBuilt_1,bathrooms_1,bedrooms_1,lot_1,lotUnit_1,heating_1,cooling_1,parkingType_1,price.y_1,zipcode_2,year_month.y_2,zestimate_linear_2,interval_range_linear_2,type_2,yearBuilt_2,bathrooms_2,bedrooms_2,lot_2,lotUnit_2,heating_2,cooling_2,parkingType_2,price.y_2,pred_choice,model_text,true_choice,correct,price_ratio,difficulty,bedrooms_diff,bathrooms_diff,year_diff,lot_diff,feature_profile,is_correct
59156691,59160911,2132,2020/11/1,1004966.667,22.0,Single Family Residence,1930,2,6,5227.0,sqft,Hot Water,Window Unit(s),unknown,1025000.0,2132,2020/11/1,1027306.909,18.18181818,SingleFamily,1931,3,4,8712.0,sqft,"Forced air, Oil","Wall, Other",unknown,1300000.0,2,CHOICE: 2,2.0,True,0.2682926829268293,hard,2,-1,-1,-3485.0,mixed,True
11570769,11571588,15216,2020/7/1,193090.8,19.2,SingleFamily,1900,2,4,3750.0,sqft,"Forced air, Gas",Central,unknown,226500.0,15216,2020/7/1,169307.5,16.3,SingleFamily,1948,2,2,3001.0,sqft,Other,Central,unknown,175000.0,1,CHOICE: 1,1.0,True,0.29428571428571426,hard,2,0,-48,749.0,bedrooms_dominant,True
11327731,11328009,15214,2020/8/1,138417.6,14.8,"Single Family Residence, Residential",1955,1,3,7501.0,sqft,"Forced Air, Natural Gas",Central Air,unknown,139900.0,15214,2020/8/1,148356.0909,22.45454545,"Single Family Residence, Residential",1920,2,3,5200.0,sqft,"Forced Air, Natural Gas",Electric,unknown,177000.0,2,CHOICE: 2,2.0,True,0.2651894210150107,hard,0,-1,35,2301.0,bathrooms_dominant,True
11394910,11610426,15212,2019/9/1,186379.3077,56.07692308,Townhouse,1995,3,3,1873.0,sqft,Other,Central,Garage - Attached,187500.0,15212,2019/9/1,141135.3333,14.66666667,SingleFamily,1955,2,2,7213.0,sqft,Other,Central,Garage - Attached,145000.0,1,CHOICE: 1,1.0,True,0.29310344827586204,hard,1,1,40,-5340.0,year_dominant,True
11545140,11635346,15217,2021/12/1,272038.6364,17.77272727,"Single Family Residence, Residential",1956,2,3,5131.0,sqft,"Forced Air, Natural Gas",Central Air,unknown,290000.0,15217,2021/12/1,291930.0,24.9,"Single Family Residence, Residential",1955,2,3,2731.0,sqft,"Forced Air, Natural Gas",Central Air,unknown,240000.0,1,CHOICE: 1,1.0,True,0.20833333333333334,hard,0,0,1,2400.0,lot_dominant,True
11441995,11522615,15237,2021/4/1,285645.5,21.66666667,"Single Family Residence, Residential",1950,2,3,0.33,Acres,"Forced Air, Natural Gas",Central Air,unknown,294000.0,15237,2021/4/1,271911.1538,15.0,"Single Family Residence, Residential",1973,4,4,0.43,Acres,"Hot Water, Natural Gas",Central Air,unknown,370500.0,2,CHOICE: 2,2.0,True,0.2602040816326531,hard,-1,-2,-23,-0.09999999999999998,mixed,True
11304040,11645110,15227,2020/8/1,136235.2,23.2,SingleFamily,1929,1,5,9099.0,sqft,"Forced air, Gas",Central,unknown,137000.0,15227,2020/8/1,161326.5,25.9,SingleFamily,1940,3,3,3149.0,sqft,"Other, Forced air, Gas",Central,unknown,170000.0,2,CHOICE: 2,2.0,True,0.24087591240875914,hard,2,-2,-11,5950.0,mixed,True
59158397,59162165,2132,2021/7/1,921290.2857,10.64285714,Single Family Residence,1935,3,4,5227.0,sqft,Natural Gas,Window Unit(s),unknown,950000.0,2132,2021/7/1,945952.52,12.56,Single Family Residence,1925,3,4,7840.0,sqft,"Hot Water, Baseboard",Window Unit(s),unknown,1150000.0,2,CHOICE: 2,2.0,True,0.21052631578947367,hard,0,0,10,-2613.0,lot_dominant,True
11304749,11305203,15227,2019/9/1,128894.1,19.1,SingleFamily,1948,3,3,0.31,Acres,Other,Central,Garage - Attached,140000.0,15227,2019/9/1,113907.9231,17.38461538,SingleFamily,1941,1,2,3145.0,sqft,"Forced air, Gas",Central,Garage - Attached,115000.0,1,CHOICE: 1,1.0,True,0.21739130434782608,hard,1,2,7,-3144.69,mixed,True
11445120,11570894,15216,2020/8/1,135299.2727,22.45454545,SingleFamily,1925,2,3,3001.0,sqft,"Forced air, Gas",unknown,unknown,181500.0,15216,2020/8/1,129914.9,24.8,SingleFamily,1932,1,2,3740.0,sqft,Other,unknown,unknown,150000.0,1,CHOICE: 1,1.0,True,0.21,hard,1,1,-7,-739.0,mixed,True
11522518,11559309,15237,2020/7/1,321430.1111,15.44444444,SingleFamily,1951,3,4,1.1,Acres,Other,Central,unknown,385000.0,15237,2020/7/1,309399.6667,12.66666667,SingleFamily,1964,3,4,6150.0,sqft,Other,Central,unknown,320000.0,1,CHOICE: 1,1.0,True,0.203125,hard,0,0,-13,-6148.9,lot_dominant,True
11290286,11343224,15218,2022/6/1,354461.5385,19.0,"Single Family Residence, Residential",1967,3,4,1306.0,sqft,"Forced Air, Natural Gas",Central Air,unknown,345000.0,15218,2022/6/1,408439.5604,19.23076923,"Single Family Residence, Residential",1930,4,3,3001.0,sqft,"Hot Water, Natural Gas","Window A/C, Wall Unit(s)",unknown,434900.0,2,CHOICE: 2,2.0,True,0.26057971014492753,hard,1,-1,37,-1695.0,year_dominant,True
11472728,11580863,15241,2021/6/1,304587.0,19.3,"Single Family Residence, Residential",1940,2,3,0.5,Acres,Natural Gas,Central Air,unknown,400000.0,15241,2021/6/1,275397.3,20.2,"Single Family Residence, Residential",1955,2,3,0.25,Acres,"Forced Air, Natural Gas","Central Air, Electric",unknown,330000.0,1,CHOICE: 1,1.0,True,0.21212121212121213,hard,0,0,-15,0.25,mixed,True
11515713,11585668,15211,2020/11/1,182578.0,35.66666667,"Single Family Residence, Residential",1890,3,4,3345.0,sqft,"Hot Water, Natural Gas",Central Air,Open Parking,311000.0,15211,2020/11/1,192811.1538,40.46153846,"Single Family Residence, Residential",1900,2,3,2400.0,sqft,Natural Gas,Central Air,Garage,243725.0,1,CHOICE: 1,1.0,True,0.27602831059595856,hard,1,1,-10,945.0,mixed,True
11483855,92381120,15237,2020/9/1,358294.0769,14.84615385,"Single Family Residence, Residential",1930,4,4,0.29,Acres,"Hot Water, Natural Gas",Central Air,unknown,342500.0,15237,2020/9/1,411415.6,14.0,"Single Family Residence, Residential",2009,4,4,0.31,Acres,Natural Gas,Central Air,unknown,445000.0,2,CHOICE: 2,2.0,True,0.29927007299270075,hard,0,0,-79,-0.020000000000000018,year_dominant,True
11491404,11492519,15235,2020/7/1,110318.3333,46.0,SingleFamily,1951,1,3,0.26,Acres,Other,Central,unknown,104000.0,15235,2020/7/1,121319.9,19.8,SingleFamily,1937,2,4,7405.0,sqft,Other,Central,unknown,135000.0,2,CHOICE: 2,2.0,True,0.2980769230769231,hard,-1,-1,14,-7404.74,lot_dominant,True
11467909,11506567,15236,2020/7/1,178351.6667,20.0,SingleFamily,1986,2,3,6625.0,sqft,"Forced air, Gas",Central,unknown,169600.0,15236,2020/7/1,207590.5556,18.88888889,SingleFamily,1962,3,3,7800.0,sqft,Other,Central,unknown,206000.0,2,CHOICE: 2,2.0,True,0.21462264150943397,hard,0,-1,24,-1175.0,bathrooms_dominant,True
11441235,87994822,15229,2021/11/1,346764.3836,11.78082192,"Single Family Residence, Residential",1952,3,4,7800.0,sqft,"Forced Air, Natural Gas",Central Air,unknown,298500.0,15229,2021/11/1,350876.1905,11.0,SingleFamily,2008,3,3,8109.0,sqft,"Other, Gas",Central,unknown,362500.0,2,CHOICE: 2,2.0,True,0.21440536013400335,hard,1,0,-56,-309.0,bedrooms_dominant,True
11405796,11409041,15229,2020/12/1,171381.0,16.5,"Single Family Residence, Residential",1940,1,3,3300.0,sqft,Natural Gas,Central Air,unknown,175000.0,15229,2020/12/1,176515.0,20.0,"Single Family Residence, Residential",1922,2,4,3301.0,sqft,Natural Gas,Central Air,unknown,222500.0,2,CHOICE: 2,2.0,True,0.2714285714285714,hard,-1,-1,18,-1.0,mixed,True
59134121,59136299,2130,2021/8/1,655672.5,13.25,Single Family Residence,1950,1,3,3484.0,sqft,Baseboard,Window Unit(s),unknown,580000.0,2130,2021/8/1,700513.9,14.85,Single Family Residence,1914,2,3,2178.0,sqft,"Forced Air, Natural Gas",Central Air,unknown,700000.0,2,CHOICE: 2,2.0,True,0.20689655172413793,hard,0,-1,36,1306.0,bathrooms_dominant,True
11492982,11568044,15235,2021/5/1,107838.0,31.25,"Single Family Residence, Residential",1950,1,3,7501.0,sqft,"Forced Air, Natural Gas",Central Air,unknown,147000.0,15235,2021/5/1,134774.3,27.5,"Single Family Residence, Residential",1915,2,3,5501.0,sqft,Natural Gas,Central Air,unknown,178700.0,2,CHOICE: 2,2.0,True,0.21564625850340136,hard,0,-1,35,2000.0,bathrooms_dominant,True
11391129,11468155,15236,2021/5/1,147399.1818,11.90909091,"Townhouse, Residential",1994,2,2,2224.0,sqft,"Forced Air, Natural Gas",Central Air,unknown,140000.0,15236,2021/5/1,168405.9091,14.54545455,"Single Family Residence, Residential",1955,2,4,6642.0,sqft,"Forced Air, Natural Gas",Central Air,unknown,173000.0,2,CHOICE: 2,2.0,True,0.2357142857142857,hard,-2,0,39,-4418.0,bedrooms_dominant,True
11429833,11506473,15236,2021/10/1,226313.5593,15.76271186,"Single Family Residence, Residential",1957,2,3,6500.0,sqft,"Forced Air, Natural Gas",Central Air,unknown,225000.0,15236,2021/10/1,219317.2414,16.79310345,"Single Family Residence, Residential",1938,3,3,7871.0,sqft,"Forced Air, Natural Gas","Central Air, Electric",unknown,287000.0,2,CHOICE: 2,2.0,True,0.27555555555555555,hard,0,-1,19,-1371.0,bathrooms_dominant,True
11393919,11467668,15236,2020/6/1,180924.7778,19.0,SingleFamily,1950,2,3,8494.0,sqft,Other,Central,unknown,185500.0,15236,2020/6/1,179516.0,23.0,SingleFamily,1955,2,3,6499.0,sqft,"Other, Gas",Central,unknown,145101.0,1,CHOICE: 1,1.0,True,0.2784198592704392,hard,0,0,-5,1995.0,mixed,True
11442092,121887344,15237,2021/11/1,410359.322,12.30508475,"Single Family Residence, Residential",1973,3,3,0.59,Acres,"Forced Air, Natural Gas",Central Air,unknown,385000.0,15237,2021/11/1,446073.913,11.73913043,"Single Family Residence, Residential",2013,4,4,10084.0,sqft,"Forced Air, Natural Gas",Central Air,unknown,482000.0,2,CHOICE: 2,2.0,True,0.2519480519480519,hard,-1,-1,-40,-10083.41,year_dominant,True
11540399,11639336,15217,2020/10/1,240560.75,20.5,"Single Family Residence, Residential",1907,2,4,2500.0,sqft,"Forced Air, Natural Gas","Central Air, Electric",Open Parking,281000.0,15217,2020/10/1,214577.8182,18.18181818,"Single Family Residence, Residential",1920,1,3,2252.0,sqft,"Radiant, Natural Gas",Window A/C,Open Parking,208000.0,1,CHOICE: 1,1.0,True,0.35096153846153844,medium,1,1,-13,248.0,mixed,True
11432769,11580921,15241,2020/8/1,282012.8,16.8,"Single Family Residence, Residential",1940,3,3,9840.0,sqft,"Forced Air, Natural Gas","Central Air, Electric",unknown,300000.0,15241,2020/8/1,320886.2222,15.33333333,SingleFamily,1976,3,4,1306.0,sqft,"Forced air, Gas",Central,unknown,425000.0,2,CHOICE: 2,2.0,True,0.4166666666666667,medium,-1,0,-36,8534.0,bedrooms_dominant,True
11278098,11619813,15206,2022/7/1,441589.8734,12.97468354,"Single Family Residence, Residential",1925,3,4,2400.0,sqft,"Forced Air, Natural Gas",Central Air,unknown,430000.0,15206,2022/7/1,519318.6441,25.54237288,"Single Family Residence, Residential",1933,4,4,4356.0,sqft,"Hot Water, Natural Gas",Central Air,unknown,580000.0,2,CHOICE: 2,2.0,True,0.3488372093023256,medium,0,-1,-8,-1956.0,bathrooms_dominant,True
59125951,59128372,2136,2020/12/1,542195.2667,17.46666667,Single Family Residence,1900,2,3,7840.0,sqft,"Forced Air, Central",Central Air,unknown,437000.0,2136,2020/12/1,502692.3077,18.15384615,Single Family Residence,1950,3,4,4791.0,sqft,Natural Gas,Window Unit(s),unknown,580000.0,2,CHOICE: 2,2.0,True,0.32723112128146453,medium,-1,-1,-50,3049.0,year_dominant,True
11469450,11507215,15236,2019/10/1,182373.6,18.0,SingleFamily,1940,2,2,0.45,Acres,Other,Central,unknown,200000.0,15236,2019/10/1,216554.25,21.83333333,SingleFamily,1958,3,3,9056.0,sqft,Other,Central,unknown,279900.0,2,CHOICE: 2,2.0,True,0.3995,medium,-1,-1,-18,-9055.55,lot_dominant,True
11467692,11470022,15236,2021/4/1,234354.0,15.0,"Single Family Residence, Residential",1995,3,3,7248.0,sqft,"Forced Air, Natural Gas",Central Air,unknown,275000.0,15236,2021/4/1,224713.5,19.25,"Single Family Residence, Residential",1962,2,3,0.37,Acres,"Forced Air, Natural Gas","Central Air, Electric",unknown,190000.0,1,CHOICE: 1,1.0,True,0.4473684210526316,medium,0,1,33,7247.63,bathrooms_dominant,True
11508783,11581586,15241,2022/6/1,460251.6484,15.53846154,"Single Family Residence, Residential",1979,3,4,0.01,Acres,"Forced Air, Electric","Central Air, Electric",unknown,527500.0,15241,2022/6/1,535884.6154,19.07692308,"Single Family Residence, Residential",1967,4,4,0.52,Acres,"Forced Air, Natural Gas",Central Air,unknown,700000.0,2,CHOICE: 2,2.0,True,0.32701421800947866,medium,0,-1,12,-0.51,bathrooms_dominant,True
11636435,11636470,15217,2021/8/1,333113.3333,16.88333333,"Single Family Residence, Residential",1929,2,3,4200.0,sqft,"Forced Air, Natural Gas","Central Air, Electric",unknown,309000.0,15217,2021/8/1,339733.3333,20.11111111,"Single Family Residence, Residential",1933,3,3,3977.0,sqft,"Hot Water, Natural Gas",Central Air,unknown,437000.0,2,CHOICE: 2,2.0,True,0.41423948220064727,medium,0,-1,-4,223.0,bathrooms_dominant,True
11327825,11505720,15214,2020/11/1,159546.7692,13.46153846,"Single Family Residence, Residential",1940,2,2,0.65,Acres,"Radiant, Natural Gas",Window A/C,unknown,155000.0,15214,2020/11/1,198494.8,51.3,"Single Family Residence, Residential",1910,3,4,3463.0,sqft,Natural Gas,Central Air,unknown,225500.0,2,CHOICE: 2,2.0,True,0.45483870967741935,medium,-2,-1,30,-3462.35,mixed,True
11470137,11547218,15236,2020/7/1,177969.7273,20.18181818,SingleFamily,1961,2,4,1.64,Acres,Other,Central,unknown,199000.0,15236,2020/7/1,231473.2,30.8,SingleFamily,1954,3,4,7500.0,sqft,"Forced air, Gas",Central,unknown,264900.0,2,CHOICE: 2,2.0,True,0.33115577889447234,medium,0,-1,7,-7498.36,bathrooms_dominant,True
11417666,11494319,15235,2020/4/1,129028.8,40.8,SingleFamily,1952,2,3,6560.0,sqft,Other,Central,unknown,157900.0,15235,2020/4/1,103083.2,23.9,SingleFamily,1950,1,2,0.5,Acres,"Forced air, Gas",Central,unknown,108000.0,1,CHOICE: 1,1.0,True,0.462037037037037,medium,1,1,2,6559.5,lot_dominant,True
59156994,59160722,2132,2021/11/1,538389.8305,22.33898305,Single Family Residence,1940,2,2,3484.0,sqft,"Hot Water, Natural Gas",Other,unknown,480780.0,2132,2021/11/1,621532.2034,10.0,Single Family Residence,1950,1,3,6969.0,sqft,Baseboard,Central Air,unknown,655000.0,2,CHOICE: 2,2.0,True,0.3623694829235825,medium,-1,1,-10,-3485.0,lot_dominant,True
59157549,59160570,2132,2021/6/1,800198.4444,15.55555556,Single Family Residence,1935,2,3,9147.0,sqft,"Hot Water, Heat Pump","3 or More, Whole House Fan, Heat Pump",unknown,820000.0,2132,2021/6/1,923072.8571,13.85714286,Single Family Residence,1984,3,6,9147.0,sqft,Forced Air,Central Air,unknown,1125000.0,2,CHOICE: 2,2.0,True,0.3719512195121951,medium,-3,-1,-49,0.0,mixed,True
11325144,11404688,15202,2021/8/1,214066.6667,19.0,"Single Family Residence, Residential",1934,2,4,2561.0,sqft,"Radiant, Other",Window A/C,unknown,155000.0,15202,2021/8/1,240249.1111,17.22222222,"Single Family Residence, Residential",1960,2,3,3994.0,sqft,"Forced Air, Natural Gas",Central Air,unknown,207000.0,2,CHOICE: 2,2.0,True,0.33548387096774196,medium,1,0,-26,-1433.0,bedrooms_dominant,True
11305408,11391075,15227,2021/9/1,205939.1818,24.72727273,"Single Family Residence, Residential",1910,3,5,10219.0,sqft,Natural Gas,Central Air,unknown,245000.0,15227,2021/9/1,177927.1186,13.38983051,"Single Family Residence, Residential",1950,2,2,7749.0,sqft,Natural Gas,Central Air,unknown,175000.0,1,CHOICE: 1,1.0,True,0.4,medium,3,1,-40,2470.0,mixed,True
59160591,117686106,2132,2021/9/1,646653.0,18.0,Single Family Residence,1935,3,3,3484.0,sqft,Central,Central Air,unknown,780000.0,2132,2021/9/1,571477.25,11.5,"Condominium, Townhouse",2010,2,2,1306.0,sqft,"Forced Air, Central, Unit Control, Natural Gas","Central Air, Unit Control, Individual",unknown,550000.0,1,CHOICE: 1,1.0,True,0.41818181818181815,medium,1,1,-75,2178.0,year_dominant,True
11522821,11617337,15237,2021/12/1,227389.6552,27.03448276,"Single Family Residence, Residential",1926,2,3,0.36,Acres,"Forced Air, Natural Gas",Central Air,unknown,254900.0,15237,2021/12/1,192415.2542,12.10169492,"Townhouse, Residential",1973,2,3,7884.0,sqft,"Forced Air, Natural Gas","Central Air, Electric",unknown,191000.0,1,CHOICE: 1,1.0,True,0.3345549738219895,medium,0,0,-47,-7883.64,year_dominant,True
11394013,11470364,15236,2022/4/1,183639.5833,21.97222222,"Single Family Residence, Residential",1941,2,3,4356.0,sqft,"Forced Air, Natural Gas",Central Air,unknown,155000.0,15236,2022/4/1,183673.875,13.625,SingleFamily,1952,2,3,7152.0,sqft,"Other, Gas",Central,unknown,205000.0,2,CHOICE: 2,2.0,True,0.3225806451612903,medium,0,0,-11,-2796.0,lot_dominant,True
11452973,11460620,15220,2020/3/1,213648.7,21.9,SingleFamily,1952,2,4,6696.0,sqft,Other,Central,unknown,180000.0,15220,2020/3/1,231980.7222,11.97222222,SingleFamily,1957,3,3,9147.0,sqft,Other,Central,unknown,234900.0,2,CHOICE: 2,2.0,True,0.305,medium,1,-1,-5,-2451.0,lot_dominant,True
11484380,11590428,15237,2021/7/1,208062.8667,17.8,"Single Family Residence, Residential",1935,2,3,8698.0,sqft,"Forced Air, Natural Gas",Central Air,unknown,176000.0,15237,2021/7/1,233892.0,17.09090909,"Single Family Residence, Residential",1962,2,2,6050.0,sqft,"Forced Air, Natural Gas",Central Air,unknown,228900.0,2,CHOICE: 2,2.0,True,0.30056818181818185,medium,1,0,-27,2648.0,bedrooms_dominant,True
11468495,11469194,15236,2020/11/1,179563.5,13.0,"Single Family Residence, Residential",1955,2,3,7700.0,sqft,"Forced Air, Natural Gas","Central Air, Electric",unknown,193500.0,15236,2020/11/1,168694.0,15.0,"Single Family Residence, Residential",1954,2,3,7150.0,sqft,"Forced Air, Natural Gas","Central Air, Electric",unknown,140000.0,1,CHOICE: 1,1.0,True,0.3821428571428571,medium,0,0,1,550.0,mixed,True
11353601,11646045,15227,2019/8/1,113983.1765,29.88235294,SingleFamily,1931,2,2,2835.0,sqft,"Other, Forced air, Gas","Other, Central",unknown,114000.0,15227,2019/8/1,136345.6471,13.05882353,SingleFamily,1953,2,3,7906.0,sqft,"Other, Gas",Central,unknown,155000.0,2,CHOICE: 2,2.0,True,0.35964912280701755,medium,-1,0,-22,-5071.0,bedrooms_dominant,True
11291853,11427012,15203,2021/4/1,172416.0769,26.53846154,"Single Family Residence, Residential",1900,1,2,901.69,sqft,"Forced Air, Natural Gas",Window A/C,Open Parking,165000.0,15203,2021/4/1,184355.0,33.0,"Single Family Residence, Residential",1890,3,3,1440.0,sqft,Natural Gas,Central Air,Open Parking,295000.0,2,CHOICE: 2,2.0,True,0.7878787878787878,easy,-1,-2,10,-538.31,mixed,True
11343725,11344433,15218,2021/3/1,256408.0,21.0,"Single Family Residence, Residential",1949,2,3,3519.0,sqft,"Forced Air, Natural Gas",Central Air,unknown,230000.0,15218,2021/3/1,286421.5455,25.72727273,"Single Family Residence, Residential",1892,3,3,3301.0,sqft,Natural Gas,Central Air,unknown,360000.0,2,CHOICE: 2,2.0,True,0.5652173913043478,easy,0,-1,57,218.0,bathrooms_dominant,True
11610260,11659365,15212,2022/7/1,158322.4444,34.88888889,"Single Family Residence, Residential",1910,2,2,8498.0,sqft,"Forced Air, Natural Gas",Central Air,unknown,150000.0,15212,2022/7/1,228796.0,53.33333333,"Single Family Residence, Residential",1880,2,3,1167.0,sqft,"Forced Air, Natural Gas",Central Air,unknown,335000.0,2,CHOICE: 2,2.0,True,1.2333333333333334,easy,-1,0,30,7331.0,bedrooms_dominant,True
11275687,11615347,15201,2020/7/1,192182.0,26.0,SingleFamily,1953,2,3,3049.0,sqft,Other,Central,Garage - Attached,255000.0,15201,2020/7/1,199493.0,29.33333333,"Single Family Residence, Residential",1900,2,3,1080.0,sqft,"Forced Air, Natural Gas","Central Air, Wall Unit(s)",Open Parking,122750.0,1,CHOICE: 1,1.0,True,1.0773930753564154,easy,0,0,53,1969.0,year_dominant,True
11570840,11656362,15216,2020/2/1,143649.0,19.75,SingleFamily,1927,2,3,2800.0,sqft,Other,unknown,unknown,139900.0,15216,2020/2/1,167192.0,17.0,SingleFamily,1930,2,3,5087.0,sqft,Other,unknown,unknown,219900.0,2,CHOICE: 2,2.0,True,0.5718370264474625,easy,0,0,-3,-2287.0,lot_dominant,True
11290490,11427012,15203,2021/4/1,199150.5714,13.64285714,"Single Family Residence, Residential",1907,1,1,1280.0,sqft,"Forced Air, Natural Gas",Central Air,Open Parking,195000.0,15203,2021/4/1,184355.0,33.0,"Single Family Residence, Residential",1890,3,3,1440.0,sqft,Natural Gas,Central Air,Open Parking,295000.0,2,CHOICE: 2,2.0,True,0.5128205128205128,easy,-2,-2,17,-160.0,mixed,True
11388289,104363278,15212,2020/6/1,290763.9,23.35,SingleFamily,1890,4,3,2199.0,sqft,Other,Central,unknown,720000.0,15212,2020/6/1,341998.8,12.0,Townhouse,2010,3,3,1881.0,sqft,"Forced air, Gas",Central,unknown,365000.0,1,CHOICE: 1,1.0,True,0.9726027397260274,easy,0,1,-120,318.0,bathrooms_dominant,True
11481710,11558334,15237,2020/11/1,181432.5,22.9,"Single Family Residence, Residential",1945,2,3,0.4,Acres,"Hot Water, Natural Gas",Window A/C,unknown,110000.0,15237,2020/11/1,206544.0,13.66666667,"Single Family Residence, Residential",1963,2,3,5300.0,sqft,"Forced Air, Natural Gas","Central Air, Electric",unknown,194500.0,2,CHOICE: 2,2.0,True,0.7681818181818182,easy,0,0,-18,-5299.6,lot_dominant,True
11468568,11506775,15236,2022/2/1,212322.449,26.16326531,"Single Family Residence, Residential",1960,3,3,7801.0,sqft,"Hot Water, Natural Gas",Central Air,unknown,318000.0,15236,2022/2/1,210628.3784,10.0,"Single Family Residence, Residential",1943,1,3,5148.0,sqft,"Forced Air, Natural Gas",Central Air,unknown,200000.0,1,CHOICE: 1,1.0,True,0.59,easy,0,2,17,2653.0,bathrooms_dominant,True
11322935,11404846,15202,2022/4/1,144622.5806,26.83870968,"Single Family Residence, Residential",1952,1,3,4051.0,sqft,"Forced Air, Natural Gas","Central Air, Electric",unknown,160000.0,15202,2022/4/1,198927.0833,48.8125,"Single Family Residence, Residential",1911,1,4,8533.0,sqft,"Forced Air, Natural Gas",Window A/C,unknown,245000.0,2,CHOICE: 2,2.0,True,0.53125,easy,-1,0,41,-4482.0,bedrooms_dominant,True
11388643,11395055,15212,2021/12/1,130103.4483,41.37931034,SingleFamily,1910,1,2,781.0,sqft,"Forced air, Gas",unknown,unknown,120000.0,15212,2021/12/1,124763.0573,54.50318471,"Single Family Residence, Residential",1900,1,4,1102.0,sqft,"Forced Air, Natural Gas",unknown,unknown,182500.0,2,CHOICE: 2,2.0,True,0.5208333333333334,easy,-2,0,10,-321.0,bedrooms_dominant,True
11299706,11508286,15236,2020/6/1,195211.2,15.5,SingleFamily,1967,3,3,6751.0,sqft,Other,Central,unknown,190000.0,15236,2020/6/1,177271.1818,31.09090909,SingleFamily,1910,4,4,5227.0,sqft,"Forced air, None",Central,unknown,290000.0,2,CHOICE: 2,2.0,True,0.5263157894736842,easy,-1,-1,57,1524.0,year_dominant,True
11658556,11659334,15216,2020/12/1,415026.0,22.0,"Single Family Residence, Residential",1952,4,4,8775.0,sqft,Natural Gas,Central Air,unknown,580000.0,15216,2020/12/1,339816.1538,23.0,"Single Family Residence, Residential",1931,4,4,6250.0,sqft,"Forced Air, Natural Gas",Window A/C,unknown,367500.0,1,CHOICE: 1,1.0,True,0.5782312925170068,easy,0,0,21,2525.0,year_dominant,True
11516126,11516233,15211,2021/6/1,257404.4545,18.63636364,"Single Family Residence, Residential",1899,2,4,3197.0,sqft,"Forced Air, Natural Gas",Window A/C,unknown,277000.0,15211,2021/6/1,226509.0,29.0,"Single Family Residence, Residential",1910,2,3,2278.0,sqft,Natural Gas,Central Air,unknown,225000.0,2,CHOICE: 2,1.0,False,0.2311111111111111,hard,1,0,-11,919.0,bedrooms_dominant,False
11325526,11369347,15202,2020/7/1,171644.8889,24.22222222,SingleFamily,1934,1,3,4160.0,sqft,"Gas, Forced air, Baseboard, Electric",Central,unknown,180500.0,15202,2020/7/1,146480.8889,17.77777778,SingleFamily,1930,2,3,5327.0,sqft,Other,wall unit,unknown,146500.0,2,CHOICE: 2,1.0,False,0.23208191126279865,hard,0,-1,4,-1167.0,bathrooms_dominant,False
11359064,11359065,15234,2020/9/1,277161.4545,16.09090909,"Single Family Residence, Residential",1956,2,3,9343.0,sqft,"Forced Air, Natural Gas","Central Air, Electric",unknown,270000.0,15234,2020/9/1,272717.0,22.0,SingleFamily,1956,2,3,8270.0,sqft,"Forced air, Gas",Central,unknown,210226.0,2,CHOICE: 2,1.0,False,0.2843320997402795,hard,0,0,0,1073.0,mixed,False
11484852,11558275,15237,2021/7/1,372790.1333,23.0,"Single Family Residence, Residential",1960,3,4,0.53,Acres,"Forced Air, Natural Gas",Central Air,unknown,400000.0,15237,2021/7/1,341331.5455,14.63636364,"Single Family Residence, Residential",1995,3,4,5257.0,sqft,"Forced Air, Natural Gas",Central Air,unknown,320000.0,2,CHOICE: 2,1.0,False,0.25,hard,0,0,-35,-5256.47,year_dominant,False
11484094,11484913,15237,2019/11/1,215422.0,21.0,SingleFamily,1950,3,3,0.28,Acres,"Other, Forced air, Gas",Central,unknown,205000.0,15237,2019/11/1,249343.0,15.7,SingleFamily,1950,3,3,9757.0,sqft,"Forced air, Gas",Central,unknown,160000.0,2,CHOICE: 2,1.0,False,0.28125,hard,0,0,0,-9756.72,lot_dominant,False
59157878,59158157,2132,2021/6/1,969425.5455,21.0,Single Family Residence,1900,2,5,6534.0,sqft,"Forced Air, Natural Gas",Central Air,unknown,1150000.0,2132,2021/6/1,906905.2727,27.0,Single Family Residence,1880,2,4,10018.0,sqft,"Oil, Hot Water",Window Unit(s),unknown,930000.0,2,CHOICE: 2,1.0,False,0.23655913978494625,hard,1,0,20,-3484.0,bedrooms_dominant,False
11416268,11493532,15235,2020/7/1,101540.4444,25.0,SingleFamily,1937,2,4,0.33,Acres,Other,Central,unknown,125000.0,15235,2020/7/1,98345.0,17.6,SingleFamily,1950,1,3,8086.0,sqft,Other,Central,unknown,103000.0,2,CHOICE: 2,1.0,False,0.21359223300970873,hard,1,1,-13,-8085.67,lot_dominant,False
11302826,11645656,15227,2021/1/1,142042.0,26.0,"Single Family Residence, Residential",1941,2,3,1.0,Acres,"Forced Air, Natural Gas",Central Air,unknown,163000.0,15227,2021/1/1,153670.4,23.6,"Single Family Residence, Residential",1954,2,3,0.35,Acres,"Forced Air, Natural Gas","Central Air, Electric",unknown,209900.0,1,CHOICE: 1,2.0,False,0.28773006134969326,hard,0,0,-13,0.65,mixed,False
11562176,11650019,15226,2020/7/1,182153.9,21.7,SingleFamily,1955,2,4,9008.0,sqft,Other,Central,unknown,226500.0,15226,2020/7/1,167209.0,16.66666667,SingleFamily,1926,1,5,5401.0,sqft,Other,Central,unknown,175000.0,2,CHOICE: 2,1.0,False,0.29428571428571426,hard,-1,1,29,3607.0,year_dominant,False
11487477,87992919,15238,2020/7/1,392607.5385,15.53846154,SingleFamily,1987,6,4,1.28,Acres,Other,Central,unknown,305110.0,15238,2020/7/1,357531.7,20.1,"Townhouse, Residential",2006,3,2,1158.0,sqft,"Forced Air, Natural Gas",Central Air,unknown,395000.0,1,CHOICE: 1,2.0,False,0.2946150568647373,hard,2,3,-19,-1156.72,mixed,False
11359381,11360401,15243,2021/12/1,302000.0,25.32394366,"Single Family Residence, Residential",1950,2,3,9957.0,sqft,"Forced Air, Natural Gas",Central Air,unknown,375000.0,15243,2021/12/1,298017.8344,15.35031847,"Single Family Residence, Residential",1955,3,3,7956.0,sqft,Natural Gas,Central Air,unknown,309000.0,2,CHOICE: 2,1.0,False,0.21359223300970873,hard,0,-1,-5,2001.0,bathrooms_dominant,False
11325997,11326051,15202,2022/6/1,196200.0,21.0,"Single Family Residence, Residential",1985,2,3,5227.0,sqft,Natural Gas,Electric,unknown,220000.0,15202,2022/6/1,156844.4444,28.74074074,"Single Family Residence, Residential",1925,1,3,3358.0,sqft,"Forced Air, Natural Gas","Central Air, Electric",unknown,180000.0,2,CHOICE: 2,1.0,False,0.2222222222222222,hard,0,1,60,1869.0,bathrooms_dominant,False
11305210,11554268,15227,2020/8/1,178262.7,17.3,"Single Family Residence, Residential",1955,3,5,6494.0,sqft,"Forced Air, Natural Gas",Central Air,unknown,180000.0,15227,2020/8/1,154066.7273,22.18181818,"Single Family Residence, Residential",1947,3,3,0.55,Acres,"Forced Air, Natural Gas","Central Air, Electric",unknown,220000.0,1,CHOICE: 1,2.0,False,0.2222222222222222,hard,2,0,8,6493.45,bedrooms_dominant,False
11616673,11616693,15237,2021/6/1,526319.4545,12.54545455,"Single Family Residence, Residential",1992,4,4,0.58,Acres,"Forced Air, Natural Gas","Central Air, Electric",unknown,607000.0,15237,2021/6/1,518922.9091,12.86363636,"Single Family Residence, Residential",1998,3,5,0.48,Acres,"Forced Air, Natural Gas","Central Air, Electric",unknown,500000.0,2,CHOICE: 2,1.0,False,0.214,hard,-1,1,-6,0.09999999999999998,mixed,False
11271251,11326736,15214,2021/7/1,220763.8696,11.39130435,"Single Family Residence, Residential",1960,2,3,6329.0,sqft,"Forced Air, Natural Gas",Central Air,unknown,230000.0,15214,2021/7/1,205816.3913,17.65217391,"Single Family Residence, Residential",1958,2,3,6385.0,sqft,"Forced Air, Natural Gas",Central Air,unknown,190000.0,2,CHOICE: 2,1.0,False,0.21052631578947367,hard,0,0,2,-56.0,mixed,False
11492392,11493435,15235,2022/5/1,126451.3846,27.76923077,"Single Family Residence, Residential",1948,2,3,0.42,Acres,"Forced Air, Natural Gas",Central Air,unknown,200000.0,15235,2022/5/1,138860.0,22.0,"Single Family Residence, Residential",1965,2,3,7104.0,sqft,"Forced Air, Natural Gas",Central Air,unknown,165000.0,2,CHOICE: 2,1.0,False,0.21212121212121213,hard,0,0,-17,-7103.58,lot_dominant,False
11453151,11460181,15220,2020/11/1,264235.1538,16.76923077,"Single Family Residence, Residential",1950,2,3,0.46,Acres,"Natural Gas, Baseboard",Central Air,unknown,298250.0,15220,2020/11/1,235002.0,10.0,"Single Family Residence, Residential",1970,3,5,8685.0,sqft,"Forced Air, Natural Gas",Central Air,unknown,240000.0,2,CHOICE: 2,1.0,False,0.24270833333333333,hard,-2,-1,-20,-8684.54,mixed,False
11305084,11353784,15227,2020/9/1,183286.0,27.0,"Single Family Residence, Residential",1950,3,3,10602.0,sqft,"Forced Air, Natural Gas",Central Air,unknown,192499.0,15227,2020/9/1,155297.75,18.5,"Single Family Residence, Residential",1957,2,4,5222.0,sqft,"Forced Air, Natural Gas",Central Air,unknown,160000.0,2,CHOICE: 2,1.0,False,0.20311875,hard,-1,1,-7,5380.0,lot_dominant,False
11356074,11476057,15220,2022/5/1,188627.7778,18.5,"Single Family Residence, Residential",1956,1,3,4051.0,sqft,"Forced Air, Natural Gas",Central Air,unknown,243000.0,15220,2022/5/1,196565.0,14.95,"Single Family Residence, Residential",1966,3,3,5000.0,sqft,"Natural Gas, Baseboard",Central Air,unknown,180000.0,2,CHOICE: 2,1.0,False,0.35,medium,0,-2,-10,-949.0,bathrooms_dominant,False
11257430,11557616,15237,2021/9/1,441944.1,12.1,"Single Family Residence, Residential",1979,4,4,0.46,Acres,"Forced Air, Natural Gas",Central Air,unknown,485500.0,15237,2021/9/1,422555.9322,10.98305085,"Single Family Residence, Residential",1977,3,5,0.57,Acres,"Forced Air, Natural Gas","Central Air, Electric",unknown,360000.0,2,CHOICE: 2,1.0,False,0.3486111111111111,medium,-1,1,2,-0.10999999999999993,mixed,False
11571078,11574140,15216,2022/5/1,411838.4615,11.53846154,"Single Family Residence, Residential",1960,3,3,10484.0,sqft,"Forced Air, Natural Gas",Central Air,unknown,526200.0,15216,2022/5/1,466453.8462,18.30769231,"Single Family Residence, Residential",1969,3,4,9748.0,sqft,"Forced Air, Natural Gas",Electric,unknown,351500.0,2,CHOICE: 2,1.0,False,0.4970128022759602,medium,-1,0,-9,736.0,bedrooms_dominant,False
11354988,11397402,15234,2020/7/1,229707.6,11.2,SingleFamily,1956,3,3,0.35,Acres,Other,Central,unknown,239900.0,15234,2020/7/1,264808.6,18.8,Townhouse,1993,3,3,2176.0,sqft,Other,Central,unknown,355000.0,1,CHOICE: 1,2.0,False,0.47978324301792413,medium,0,0,-37,-2175.65,year_dominant,False
11284306,102980739,15206,2021/3/1,207817.6923,39.76923077,"Single Family Residence, Residential",1911,1,3,5654.0,sqft,"Hot Water, Natural Gas",Window A/C,unknown,190000.0,15206,2021/3/1,260367.0,23.0,"Townhouse, Residential",1925,1,3,2543.0,sqft,Natural Gas,Central Air,unknown,273131.0,1,CHOICE: 1,2.0,False,0.43753157894736844,medium,0,0,-14,3111.0,lot_dominant,False
11335461,11570531,15216,2021/9/1,227408.4746,14.6779661,"Single Family Residence, Residential",1940,2,4,7500.0,sqft,Natural Gas,Central Air,unknown,170000.0,15216,2021/9/1,238729.2727,12.09090909,"Single Family Residence, Residential",1920,1,3,3301.0,sqft,"Forced Air, Natural Gas",Central Air,unknown,235000.0,1,CHOICE: 1,2.0,False,0.38235294117647056,medium,1,1,20,4199.0,year_dominant,False
11658605,11658708,15216,2020/10/1,422016.1429,15.14285714,"Single Family Residence, Residential",1940,3,3,6250.0,sqft,Natural Gas,Central Air,unknown,511000.0,15216,2020/10/1,406224.0667,11.86666667,"Single Family Residence, Residential",1928,2,4,8100.0,sqft,"Hot Water, Natural Gas",Wall Unit(s),unknown,367000.0,2,CHOICE: 2,1.0,False,0.3923705722070845,medium,-1,1,12,-1850.0,mixed,False
11522133,11590053,15237,2020/9/1,249207.2,14.0,"Single Family Residence, Residential",1967,2,3,0.27,Acres,Natural Gas,Central Air,unknown,190000.0,15237,2020/9/1,239533.0625,21.9375,"Single Family Residence, Residential",1953,2,3,0.01,Acres,"Forced Air, Natural Gas",Central Air,unknown,260000.0,1,CHOICE: 1,2.0,False,0.3684210526315789,medium,0,0,14,0.26,mixed,False
11513417,11615092,15201,2020/8/1,236760.4444,33.22222222,SingleFamily,1890,2,3,1875.0,sqft,"Other, Forced air, Gas",Central,unknown,256000.0,15201,2020/8/1,205388.6154,18.84615385,SingleFamily,1950,3,3,5000.0,sqft,Other,Central,unknown,188500.0,2,CHOICE: 2,1.0,False,0.35809018567639256,medium,0,-1,-60,-3125.0,bathrooms_dominant,False
11558275,11589740,15237,2021/7/1,341331.5455,14.63636364,"Single Family Residence, Residential",1995,3,4,5257.0,sqft,"Forced Air, Natural Gas",Central Air,unknown,320000.0,15237,2021/7/1,348971.5455,11.0,"Single Family Residence, Residential",1963,3,4,0.42,Acres,"Forced Air, Natural Gas",Central Air,unknown,421500.0,1,CHOICE: 1,2.0,False,0.3171875,medium,0,0,32,5256.58,year_dominant,False
11470364,11547114,15236,2022/4/1,183673.875,13.625,SingleFamily,1952,2,3,7152.0,sqft,"Other, Gas",Central,unknown,205000.0,15236,2022/4/1,205202.5,29.5,"Single Family Residence, Residential",1979,2,3,2877.0,sqft,"Forced Air, Natural Gas",Central Air,unknown,285000.0,1,CHOICE: 1,2.0,False,0.3902439024390244,medium,0,0,-27,4275.0,year_dominant,False
11612888,11615938,15201,2020/8/1,161698.6,20.4,"Single Family Residence, Residential",1900,2,3,1001.0,sqft,"Forced Air, Natural Gas",Central Air,unknown,220000.0,15201,2020/8/1,135759.8,15.8,SingleFamily,1950,1,3,2775.0,sqft,Other,Central,unknown,155000.0,2,CHOICE: 2,1.0,False,0.41935483870967744,medium,0,1,-50,-1774.0,bathrooms_dominant,False
11309717,11431614,15234,2021/4/1,174207.25,16.41666667,"Single Family Residence, Residential",1942,2,3,5808.0,sqft,"Forced Air, Natural Gas",Central Air,unknown,153000.0,15234,2021/4/1,196584.5385,15.53846154,"Single Family Residence, Residential",1960,1,3,0.33,Acres,"Forced Air, Natural Gas",Central Air,unknown,205000.0,1,CHOICE: 1,2.0,False,0.33986928104575165,medium,0,1,-18,5807.67,bathrooms_dominant,False
11474820,11585241,15211,2019/7/1,144656.6667,38.66666667,SingleFamily,1910,1,3,2249.0,sqft,"Other, Gas",unknown,unknown,165000.0,15211,2019/7/1,147033.2941,16.23529412,SingleFamily,1910,1,3,3049.0,sqft,Other,unknown,unknown,117000.0,2,CHOICE: 2,1.0,False,0.41025641025641024,medium,0,0,0,-800.0,mixed,False
11510347,11549565,15241,2022/6/1,407483.3333,15.77777778,"Single Family Residence, Residential",1960,3,5,0.8,Acres,"Forced Air, Natural Gas",Central Air,unknown,600000.0,15241,2022/6/1,446689.1566,12.53012048,"Single Family Residence, Residential",1962,4,4,0.41,Acres,"Forced Air, Natural Gas",Central Air,unknown,450000.0,2,CHOICE: 2,1.0,False,0.3333333333333333,medium,1,-1,-2,0.39000000000000007,mixed,False
11396297,11397572,15234,2020/4/1,178901.0,23.0,"Single Family Residence, Residential",1950,3,4,4791.0,sqft,Natural Gas,Central Air,unknown,115000.0,15234,2020/4/1,176561.1111,20.88888889,SingleFamily,1951,2,2,10816.0,sqft,"Other, Forced air, Gas",Central,unknown,245000.0,1,CHOICE: 1,2.0,False,1.1304347826086956,easy,2,1,-1,-6025.0,mixed,False
11522602,11617759,15237,2020/6/1,261296.0,20.0,SingleFamily,1960,3,4,0.26,Acres,Other,Central,unknown,333900.0,15237,2020/6/1,218139.3333,25.11111111,"Single Family Residence, Residential",1944,3,3,9600.0,sqft,"Forced Air, Natural Gas",Central Air,unknown,177000.0,2,CHOICE: 2,1.0,False,0.8864406779661017,easy,1,0,16,-9599.74,bedrooms_dominant,False
11636470,11640002,15217,2021/8/1,339733.3333,20.11111111,"Single Family Residence, Residential",1933,3,3,3977.0,sqft,"Hot Water, Natural Gas",Central Air,unknown,437000.0,15217,2021/8/1,284513.4286,16.0,"Single Family Residence, Residential",1952,2,3,5000.0,sqft,"Forced Air, Natural Gas",Central Air,unknown,281800.0,2,CHOICE: 2,1.0,False,0.5507452093683464,easy,0,1,-19,-1023.0,bathrooms_dominant,False
11507979,11641582,15236,2022/6/1,227184.6154,26.92307692,"Single Family Residence, Residential",1940,3,3,0.32,Acres,"Hot Water, Natural Gas",Central Air,unknown,375000.0,15236,2022/6/1,248743.5897,11.02564103,"Single Family Residence, Residential",1971,3,3,7840.0,sqft,"Forced Air, Natural Gas",Central Air,unknown,242500.0,2,CHOICE: 2,1.0,False,0.5463917525773195,easy,0,0,-31,-7839.68,year_dominant,False
11554576,11646051,15227,2020/7/1,177600.2,12.4,SingleFamily,1950,2,3,0.28,Acres,Other,Central,unknown,177500.0,15227,2020/7/1,155318.875,16.75,SingleFamily,1953,2,3,10175.0,sqft,Other,Central,unknown,116900.0,2,CHOICE: 2,1.0,False,0.5183917878528657,easy,0,0,-3,-10174.72,lot_dominant,False
11358110,11396346,15234,2021/12/1,205848.5915,22.27464789,"Single Family Residence, Residential",1950,2,3,6000.0,sqft,"Forced Air, Natural Gas",Central Air,unknown,215000.0,15234,2021/12/1,173190.3448,17.06206897,"Single Family Residence, Residential",1950,2,3,6211.0,sqft,"Forced Air, Natural Gas",Central Air,unknown,115000.0,2,CHOICE: 2,1.0,False,0.8695652173913043,easy,0,0,0,-211.0,mixed,False
11428044,11467606,15236,2022/6/1,180579.4545,18.81818182,SingleFamily,1966,2,2,0.48,Acres,Other,Central,unknown,320000.0,15236,2022/6/1,172033.3333,17.57777778,"Single Family Residence, Residential",1953,2,3,7287.0,sqft,"Forced Air, Natural Gas","Central Air, Electric",unknown,139900.0,2,CHOICE: 2,1.0,False,1.28734810578985,easy,-1,0,13,-7286.52,bedrooms_dominant,False
